game,data,age,team,opp,result,started,minutes,fg,fga,fgp,fg3,fg3a,fg3p,ft,fta,ftp,orb,drb,totrb,ast,stl,blk,tov,fouls,points
1,1984-10-26,21-252,CHI,WSB,W (+16),1,40:00,5,16,.313,0,0,,6,7,.857,1,5,6,7,2,4,5,2,16
2,1984-10-27,21-253,CHI,MIL,L (-2),1,34:00,8,13,.615,0,0,,5,5,1.000,3,2,5,5,2,1,3,4,21
3,1984-10-29,21-255,CHI,MIL,W (+6),1,34:00,13,24,.542,0,0,,11,13,.846,2,2,4,5,6,2,3,4,37
4,1984-10-30,21-256,CHI,KCK,W (+5),1,36:00,8,21,.381,0,0,,9,9,1.000,2,2,4,5,3,1,6,5,25
5,1984-11-01,21-258,CHI,DEN,L (-16),1,33:00,7,15,.467,0,0,,3,4,.750,3,2,5,5,1,1,2,4,17
6,1984-11-07,21-264,CHI,DET,W (+4),1,27:00,9,19,.474,0,0,,7,9,.778,1,3,4,3,3,1,5,5,25
7,1984-11-08,21-265,CHI,NYK,W (+15),1,33:00,15,22,.682,0,0,,3,4,.750,4,4,8,5,3,2,5,2,33
8,1984-11-10,21-267,CHI,IND,W (+2),1,42:00,9,22,.409,0,0,,9,12,.750,2,7,9,4,2,5,3,4,27
9,1984-11-13,21-270,CHI,SAS,W (+3),1,43:00,18,27,.667,1,1,1.000,8,11,.727,2,8,10,4,3,2,4,4,45
10,1984-11-15,21-272,CHI,BOS,L (-20),1,33:00,12,24,.500,0,1,.000,3,3,1.000,0,2,2,2,2,1,1,4,27
11,1984-11-17,21-274,CHI,PHI,L (-9),1,44:00,4,17,.235,0,0,,8,8,1.000,0,5,5,7,5,2,4,5,16
12,1984-11-19,21-276,CHI,IND,L (-17),1,39:00,11,26,.423,0,3,.000,12,16,.750,2,3,5,2,2,1,3,3,34
13,1984-11-21,21-278,CHI,MIL,L (-10),1,42:00,11,22,.500,0,0,,13,14,.929,4,9,13,2,2,2,6,3,35
14,1984-11-23,21-280,CHI,SEA,W (+19),1,30:00,9,13,.692,0,0,,5,6,.833,0,4,4,3,4,1,4,4,23
15,1984-11-24,21-281,CHI,POR,L (-10),1,41:00,10,24,.417,0,1,.000,10,10,1.000,3,3,6,8,3,1,4,4,30
16,1984-11-27,21-284,CHI,GSW,L (-6),1,24:00,6,10,.600,0,0,,1,1,1.000,0,2,2,3,3,2,4,1,13
17,1984-11-29,21-286,CHI,PHO,L (-5),1,30:00,9,17,.529,1,1,1.000,3,4,.750,1,2,3,2,2,0,2,5,22
18,1984-11-30,21-287,CHI,LAC,W (+4),1,37:00,9,15,.600,0,0,,2,4,.500,2,3,5,5,3,0,4,4,20
19,1984-12-02,21-289,CHI,LAL,W (+1),1,42:00,7,13,.538,0,0,,6,8,.750,2,0,2,3,1,1,4,3,20
20,1984-12-04,21-291,CHI,NJN,W (+15),1,35:00,7,13,.538,0,0,,6,6,1.000,1,2,3,6,1,0,3,3,20
21,1984-12-07,21-294,CHI,NYK,W (+2),1,43:00,8,16,.500,0,1,.000,5,7,.714,1,1,2,3,2,0,6,5,21
22,1984-12-08,21-295,CHI,DAL,W (+2),1,35:00,10,23,.435,0,0,,0,0,,4,3,7,2,0,2,2,3,20
23,1984-12-11,21-298,CHI,DET,L (-7),1,37:00,13,28,.464,0,1,.000,1,3,.333,1,7,8,6,2,0,3,4,27
24,1984-12-12,21-299,CHI,DET,L (-7),1,30:00,6,17,.353,0,2,.000,9,10,.900,0,1,1,2,2,1,1,5,21
25,1984-12-14,21-301,CHI,NJN,L (-2),1,44:00,12,25,.480,0,0,,10,10,1.000,2,6,8,8,1,0,0,4,34
26,1984-12-15,21-302,CHI,PHI,L (-12),1,27:00,7,16,.438,0,0,,0,0,,1,1,2,2,1,0,1,2,14
27,1984-12-18,21-305,CHI,HOU,L (-8),1,45:00,8,20,.400,0,1,.000,2,4,.500,1,2,3,8,3,0,1,2,18
28,1984-12-20,21-307,CHI,ATL,W (+3),1,41:00,12,22,.545,0,0,,10,16,.625,4,4,8,7,5,1,7,5,34
29,1984-12-22,21-309,CHI,BOS,W (+25),1,35:00,12,18,.667,0,0,,8,8,1.000,1,11,12,8,0,3,3,3,32
30,1984-12-27,21-314,CHI,CLE,W (+4),1,44:00,20,33,.606,0,1,.000,5,5,1.000,2,5,7,11,3,0,3,1,45
31,1984-12-29,21-316,CHI,ATL,L (-3),1,39:00,7,18,.389,0,0,,7,9,.778,1,3,4,5,0,0,3,6,21
32,1985-01-02,21-320,CHI,ATL,L (-14),1,34:00,10,14,.714,0,0,,5,6,.833,1,6,7,4,3,0,4,2,25
33,1985-01-04,21-322,CHI,MIL,W (+5),1,38:00,9,16,.563,0,1,.000,4,5,.800,0,2,2,6,3,0,0,4,22
34,1985-01-05,21-323,CHI,NYK,L (-6),1,42:00,16,25,.640,0,0,,10,11,.909,4,3,7,4,2,1,3,3,42
35,1985-01-09,21-327,CHI,BOS,L (-3),1,42:00,12,24,.500,0,0,,12,13,.923,4,2,6,6,2,1,4,4,36
36,1985-01-11,21-329,CHI,NYK,W (+16),1,30:00,8,14,.571,0,0,,7,7,1.000,2,4,6,5,2,0,5,3,23
37,1985-01-12,21-330,CHI,CLE,L (-3),1,36:00,10,21,.476,0,1,.000,4,6,.667,4,8,12,3,1,0,3,5,24
38,1985-01-14,21-332,CHI,DEN,W (+9),1,43:00,11,16,.688,0,0,,13,15,.867,2,12,14,15,3,1,6,3,35
39,1985-01-16,21-334,CHI,NJN,L (-6),1,44:00,8,17,.471,0,1,.000,11,12,.917,1,6,7,7,2,0,6,3,27
40,1985-01-17,21-335,CHI,CLE,W (+5),1,40:00,8,20,.400,0,0,,9,12,.750,0,4,4,6,2,2,3,4,25
41,1985-01-19,21-337,CHI,IND,L (-3),1,41:00,15,27,.556,2,4,.500,6,8,.750,2,10,12,7,3,2,2,5,38
42,1985-01-22,21-340,CHI,POR,W (+8),1,39:00,11,20,.550,0,1,.000,7,7,1.000,1,11,12,5,2,0,4,4,29
43,1985-01-25,21-343,CHI,SEA,W (+17),1,37:00,6,15,.400,0,1,.000,10,10,1.000,2,2,4,8,4,2,1,3,22
44,1985-01-26,21-344,CHI,ATL,W (+13),1,43:00,17,24,.708,0,0,,11,11,1.000,1,7,8,10,0,4,5,3,45
45,1985-01-29,21-347,CHI,KCK,W (+6),1,38:00,11,17,.647,0,0,,4,6,.667,0,7,7,7,3,0,1,3,26
46,1985-01-30,21-348,CHI,WSB,L (-11),1,41:00,12,19,.632,0,0,,14,15,.933,0,7,7,8,4,0,4,3,38
47,1985-02-01,21-350,CHI,PHI,L (-11),1,37:00,9,16,.563,0,2,.000,13,14,.929,0,6,6,5,2,0,3,5,31
48,1985-02-05,21-354,CHI,BOS,L (-4),1,45:00,14,25,.560,0,1,.000,13,14,.929,4,8,12,7,4,1,1,6,41
49,1985-02-07,21-356,CHI,CLE,L (-9),1,38:00,8,17,.471,0,0,,7,8,.875,3,1,4,7,4,0,7,6,23
50,1985-02-12,21-361,CHI,DET,W (+13),1,45:00,19,31,.613,0,0,,11,13,.846,7,8,15,5,4,0,6,5,49
51,1985-02-15,21-364,CHI,IND,L (-18),1,37:00,8,20,.400,0,1,.000,1,2,.500,1,6,7,6,0,2,4,1,17
52,1985-02-17,22-000,CHI,MIL,L (-20),1,34:00,9,15,.600,0,0,,8,8,1.000,2,1,3,3,2,1,5,1,26
53,1985-02-19,22-002,CHI,LAL,L (-10),1,30:00,6,13,.462,0,2,.000,4,5,.800,4,2,6,8,0,0,3,5,16
54,1985-02-22,22-005,CHI,BOS,L (-10),1,42:00,8,18,.444,0,0,,10,12,.833,1,3,4,7,3,0,3,3,26
55,1985-02-23,22-006,CHI,GSW,W (+15),1,32:00,15,20,.750,0,0,,8,8,1.000,1,4,5,5,3,0,0,4,38
56,1985-02-26,22-009,CHI,CLE,L (-5),1,48:00,12,27,.444,0,1,.000,4,4,1.000,3,6,9,5,0,0,1,4,28
57,1985-02-27,22-010,CHI,DET,L (-9),1,35:00,8,17,.471,0,1,.000,8,9,.889,1,5,6,2,4,1,4,3,24
58,1985-03-01,22-012,CHI,NYK,W (+5),1,38:00,6,15,.400,0,0,,9,12,.750,2,8,10,10,3,0,7,2,21
59,1985-03-03,22-014,CHI,NJN,L (-4),1,41:00,13,21,.619,0,0,,11,12,.917,6,8,14,5,3,1,3,2,37
60,1985-03-05,22-016,CHI,WSB,W (+5),1,44:00,12,23,.522,0,0,,13,17,.765,2,7,9,8,2,1,2,3,37
61,1985-03-06,22-017,CHI,BOS,W (+3),1,42:00,13,28,.464,0,0,,7,7,1.000,2,5,7,3,5,2,5,2,33
62,1985-03-08,22-019,CHI,LAC,W (+16),1,28:00,7,13,.538,1,2,.500,11,14,.786,2,6,8,7,0,1,1,3,26
63,1985-03-09,22-020,CHI,UTA,L (-6),1,38:00,9,21,.429,1,1,1.000,9,16,.563,2,4,6,4,5,0,6,5,28
64,1985-03-11,22-022,CHI,WSB,L (-7),1,34:00,6,14,.429,0,0,,9,10,.900,1,3,4,4,0,0,4,2,21
65,1985-03-12,22-023,CHI,DET,W (+1),1,39:00,11,24,.458,0,1,.000,10,11,.909,3,5,8,4,1,0,5,2,32
66,1985-03-14,22-025,CHI,NYK,L (-9),1,34:00,5,18,.278,0,0,,6,11,.545,1,2,3,8,1,0,1,3,16
67,1985-03-15,22-026,CHI,PHO,W (+6),1,42:00,11,15,.733,0,0,,5,6,.833,1,8,9,14,2,2,6,3,27
68,1985-03-17,22-028,CHI,MIL,W (+2),1,48:00,11,25,.440,0,3,.000,10,13,.769,6,5,11,16,1,1,3,5,32
69,1985-03-19,22-030,CHI,HOU,L (-6),1,42:00,11,22,.500,0,0,,9,10,.900,2,2,4,7,2,1,7,3,31
70,1985-03-20,22-031,CHI,SAS,L (-8),1,43:00,14,23,.609,0,1,.000,10,12,.833,3,4,7,4,3,0,2,5,38
71,1985-03-23,22-034,CHI,DAL,W (+10),1,43:00,5,17,.294,0,0,,10,10,1.000,3,6,9,10,2,1,1,1,20
72,1985-03-24,22-035,CHI,UTA,L (-18),1,35:00,9,24,.375,0,0,,8,11,.727,3,6,9,6,4,2,3,2,26
73,1985-03-26,22-037,CHI,IND,W (+1),1,40:00,13,24,.542,0,1,.000,12,13,.923,4,5,9,5,3,0,3,5,38
74,1985-03-28,22-039,CHI,CLE,L (-8),1,41:00,11,25,.440,1,3,.333,12,14,.857,4,4,8,10,2,0,2,4,35
75,1985-03-30,22-041,CHI,PHI,L (-5),1,42:00,13,19,.684,1,1,1.000,11,13,.846,2,3,5,6,1,0,3,1,38
76,1985-04-02,22-044,CHI,NJN,W (+14),1,44:00,12,19,.632,0,0,,7,8,.875,5,3,8,9,3,0,7,1,31
77,1985-04-03,22-045,CHI,WSB,W (+9),1,40:00,12,19,.632,0,1,.000,1,3,.333,1,5,6,3,4,0,2,5,25
78,1985-04-05,22-047,CHI,PHI,L (-3),1,38:00,13,21,.619,0,1,.000,14,15,.933,0,1,1,5,3,0,2,6,40
79,1985-04-06,22-048,CHI,ATL,W (+3),1,43:00,12,18,.667,0,0,,9,9,1.000,2,5,7,4,3,2,7,4,33
80,1985-04-08,22-050,CHI,IND,L (-4),1,39:00,6,20,.300,0,1,.000,10,14,.714,2,6,8,5,3,0,5,2,22
81,1985-04-12,22-054,CHI,ATL,L (-11),1,36:00,11,16,.688,0,1,.000,6,7,.857,2,1,3,6,5,0,7,3,28
82,1985-04-13,22-055,CHI,NJN,L (-12),1,40:00,9,24,.375,1,5,.200,10,11,.909,2,0,2,9,1,0,4,3,29
1,1985-10-25,22-250,CHI,CLE,W (+1),1,39:00,13,26,.500,0,0,,3,4,.750,3,3,6,3,3,0,3,5,29
2,1985-10-26,22-251,CHI,DET,W (+3),1,41:00,9,24,.375,0,0,,15,16,.938,2,5,7,6,2,3,6,5,33
3,1985-10-29,22-254,CHI,GSW,W (+6),1,18:00,6,10,.600,0,0,,0,0,,0,2,2,2,0,0,1,1,12
4,1986-03-15,23-026,CHI,MIL,L (-9),0,13:00,4,7,.571,0,0,,4,7,.571,0,1,1,2,1,0,1,2,12
5,1986-03-17,23-028,CHI,ATL,L (-10),0,14:00,4,16,.250,0,1,.000,9,10,.900,3,1,4,1,7,1,1,0,17
6,1986-03-19,23-030,CHI,PHI,L (-6),0,15:00,4,14,.286,0,2,.000,4,6,.667,4,0,4,3,2,2,1,1,12
7,1986-03-21,23-032,CHI,BOS,L (-21),0,16:00,7,16,.438,0,1,.000,6,7,.857,2,0,2,1,0,1,1,3,20
8,1986-03-22,23-033,CHI,CLE,L (-26),0,16:00,4,13,.308,0,0,,0,1,.000,1,0,1,1,0,0,1,2,8
9,1986-03-25,23-036,CHI,NYK,W (+13),0,19:00,5,12,.417,0,1,.000,9,9,1.000,1,2,3,3,1,0,2,3,19
10,1986-03-28,23-039,CHI,NJN,L (-11),0,22:00,9,15,.600,0,0,,4,6,.667,0,1,1,3,5,0,3,4,22
11,1986-03-29,23-040,CHI,NYK,W (+10),0,23:00,10,17,.588,0,1,.000,4,6,.667,1,0,1,1,1,3,4,2,24
12,1986-04-01,23-043,CHI,MIL,L (-9),0,26:00,8,16,.500,0,1,.000,12,12,1.000,1,4,5,2,1,3,1,2,28
13,1986-04-03,23-045,CHI,IND,W (+1),0,28:00,12,19,.632,0,0,,2,4,.500,1,4,5,3,3,2,3,1,26
14,1986-04-05,23-047,CHI,ATL,W (+5),0,31:00,10,21,.476,2,3,.667,8,9,.889,1,2,3,3,1,1,4,1,30
15,1986-04-07,23-049,CHI,MIL,W (+6),1,31:00,10,18,.556,1,3,.333,5,5,1.000,1,4,5,7,1,3,2,3,26
16,1986-04-08,23-050,CHI,ATL,L (-13),1,33:00,12,25,.480,0,2,.000,6,6,1.000,1,5,6,6,2,1,7,2,30
17,1986-04-11,23-053,CHI,WSB,W (+2),1,37:00,12,36,.333,0,1,.000,7,10,.700,1,4,5,2,3,1,2,5,31
18,1986-04-13,23-055,CHI,CLE,L (-7),1,29:00,11,23,.478,0,2,.000,7,7,1.000,0,3,3,4,4,0,2,4,29
1,1986-11-01,23-257,CHI,NYK,W (+5),1,41:00,15,31,.484,0,0,,20,22,.909,2,4,6,3,4,3,6,2,50
2,1986-11-02,23-258,CHI,CLE,W (+5),1,39:00,16,31,.516,0,0,,9,12,.750,6,2,8,2,0,4,3,3,41
3,1986-11-04,23-260,CHI,SAS,W (+7),1,44:00,14,31,.452,0,1,.000,6,13,.462,3,5,8,5,4,2,6,2,34
4,1986-11-07,23-263,CHI,DET,L (-6),1,42:00,11,26,.423,0,1,.000,11,15,.733,0,0,0,5,1,1,3,4,33
5,1986-11-08,23-264,CHI,PHO,W (+5),1,39:00,17,27,.630,0,0,,5,5,1.000,3,3,6,3,5,0,3,2,39
6,1986-11-11,23-267,CHI,ATL,W (+2),1,39:00,14,32,.438,0,0,,6,6,1.000,4,1,5,3,1,3,5,4,34
7,1986-11-12,23-268,CHI,WSB,L (-2),1,39:00,9,25,.360,0,1,.000,10,12,.833,0,4,4,4,3,1,4,4,28
8,1986-11-14,23-270,CHI,BOS,L (-12),1,41:00,17,33,.515,1,1,1.000,13,14,.929,2,3,5,1,2,1,0,3,48
9,1986-11-21,23-277,CHI,NYK,W (+2),1,40:00,14,26,.538,0,0,,12,15,.800,1,5,6,4,3,2,2,2,40
10,1986-11-22,23-278,CHI,WSB,W (+9),1,39:00,10,26,.385,0,0,,2,3,.667,2,7,9,4,3,1,3,3,22
11,1986-11-26,23-282,CHI,DEN,L (-2),1,41:00,13,31,.419,0,0,,11,14,.786,2,7,9,3,1,3,2,5,37
12,1986-11-28,23-284,CHI,LAL,L (-7),1,45:00,19,43,.442,0,1,.000,3,4,.750,8,2,10,3,1,1,3,4,41
13,1986-11-29,23-285,CHI,GSW,L (-7),1,42:00,11,30,.367,0,1,.000,18,19,.947,3,2,5,6,4,0,2,3,40
14,1986-12-02,23-288,CHI,SEA,W (+6),1,48:00,13,30,.433,0,0,,14,15,.933,5,4,9,6,3,6,4,3,40
15,1986-12-03,23-289,CHI,UTA,L (-5),1,40:00,17,33,.515,0,2,.000,11,13,.846,0,3,3,3,6,1,2,3,45
16,1986-12-05,23-291,CHI,PHO,L (-2),1,41:00,15,37,.405,0,0,,13,17,.765,2,2,4,2,3,1,1,1,43
17,1986-12-06,23-292,CHI,SAS,L (-9),1,44:00,18,38,.474,0,2,.000,7,7,1.000,5,0,5,3,1,1,2,4,43
18,1986-12-09,23-295,CHI,DEN,W (+6),1,42:00,16,30,.533,0,0,,8,9,.889,2,4,6,6,3,4,3,3,40
19,1986-12-10,23-296,CHI,ATL,L (-28),1,39:00,15,25,.600,0,0,,11,12,.917,2,2,4,4,3,0,3,3,41
20,1986-12-12,23-298,CHI,MIL,W (+13),1,39:00,16,24,.667,0,0,,9,11,.818,0,5,5,3,2,0,2,5,41
21,1986-12-13,23-299,CHI,MIL,L (-23),1,31:00,3,17,.176,0,0,,5,8,.625,0,4,4,2,0,1,2,2,11
22,1986-12-16,23-302,CHI,NJN,W (+1),1,37:00,13,29,.448,0,1,.000,15,18,.833,2,3,5,1,0,0,4,5,41
23,1986-12-18,23-304,CHI,IND,W (+9),1,39:00,15,27,.556,0,0,,11,12,.917,2,1,3,6,0,1,2,2,41
24,1986-12-20,23-306,CHI,UTA,L (-2),1,38:00,10,26,.385,0,0,,7,8,.875,0,4,4,7,2,4,5,3,27
25,1986-12-23,23-309,CHI,CLE,W (+16),1,35:00,18,33,.545,0,1,.000,7,7,1.000,4,1,5,6,2,0,3,2,43
26,1986-12-25,23-311,CHI,NYK,L (-1),1,41:00,10,28,.357,0,0,,10,12,.833,1,2,3,5,6,2,6,1,30
27,1986-12-27,23-313,CHI,IND,W (+12),1,36:00,20,29,.690,0,0,,4,4,1.000,2,2,4,3,0,2,4,1,44
28,1986-12-30,23-316,CHI,GSW,L (-3),1,40:00,12,27,.444,2,3,.667,5,7,.714,1,4,5,3,4,0,2,4,31
29,1987-01-02,23-319,CHI,BOS,L (-14),1,40:00,13,31,.419,0,1,.000,8,10,.800,6,2,8,3,1,0,2,2,34
30,1987-01-03,23-320,CHI,DET,W (+5),1,38:00,16,35,.457,0,2,.000,15,17,.882,1,3,4,2,1,0,1,4,47
31,1987-01-06,23-323,CHI,CLE,W (+4),1,38:00,13,23,.565,0,0,,1,3,.333,0,2,2,3,2,0,3,5,27
32,1987-01-08,23-325,CHI,POR,W (+4),1,43:00,20,34,.588,0,0,,13,16,.813,3,1,4,5,3,2,3,3,53
33,1987-01-10,23-327,CHI,NJN,W (+10),1,36:00,8,24,.333,0,0,,15,15,1.000,1,6,7,5,2,1,4,3,31
34,1987-01-15,23-332,CHI,HOU,L (-11),1,43:00,17,43,.395,1,4,.250,8,9,.889,1,2,3,3,2,1,2,2,43
35,1987-01-17,23-334,CHI,PHI,W (+16),1,44:00,17,34,.500,0,0,,13,14,.929,5,5,10,6,4,1,4,2,47
36,1987-01-19,23-336,CHI,IND,L (-14),1,41:00,11,25,.440,1,1,1.000,9,11,.818,4,2,6,3,0,0,5,5,32
37,1987-01-20,23-337,CHI,MIL,W (+13),1,39:00,11,22,.500,0,0,,9,10,.900,2,5,7,2,2,1,3,2,31
38,1987-01-23,23-340,CHI,CLE,W (+21),1,37:00,14,28,.500,1,1,1.000,6,6,1.000,1,1,2,2,3,0,3,1,35
39,1987-01-24,23-341,CHI,CLE,L (-30),1,27:00,11,20,.550,0,0,,5,6,.833,0,0,0,1,1,0,1,4,27
40,1987-01-27,23-344,CHI,BOS,L (-8),1,40:00,13,34,.382,0,2,.000,4,6,.667,1,4,5,6,2,0,5,2,30
41,1987-01-28,23-345,CHI,BOS,L (-29),1,37:00,11,23,.478,0,2,.000,5,8,.625,1,3,4,4,1,1,6,3,27
42,1987-01-30,23-347,CHI,PHI,L (-9),1,41:00,19,35,.543,0,4,.000,11,12,.917,1,1,2,5,3,2,4,4,49
43,1987-02-01,23-349,CHI,DET,L (-2),1,44:00,14,39,.359,1,5,.200,9,9,1.000,4,1,5,5,5,0,2,5,38
44,1987-02-03,23-351,CHI,WSB,W (+7),1,43:00,12,28,.429,0,1,.000,8,9,.889,3,3,6,6,0,2,5,3,32
45,1987-02-05,23-353,CHI,MIL,L (-15),1,44:00,12,24,.500,0,0,,12,13,.923,2,5,7,5,2,2,3,2,36
46,1987-02-10,23-358,CHI,PHI,W (+5),1,41:00,11,22,.500,0,0,,7,9,.778,2,1,3,4,3,1,4,4,29
47,1987-02-13,23-361,CHI,SEA,W (+8),1,41:00,14,28,.500,0,0,,17,19,.895,0,3,3,6,2,2,1,3,45
48,1987-02-14,23-362,CHI,NYK,W (+4),1,37:00,15,24,.625,0,1,.000,3,5,.600,0,2,2,8,3,3,2,2,33
49,1987-02-16,23-364,CHI,SAC,L (-4),1,48:00,13,30,.433,0,1,.000,17,18,.944,1,6,7,6,5,4,7,5,43
50,1987-02-20,24-003,CHI,LAL,L (-10),1,40:00,11,27,.407,0,0,,11,12,.917,2,0,2,5,5,2,2,4,33
51,1987-02-22,24-005,CHI,CLE,W (+4),1,39:00,16,29,.552,0,0,,11,15,.733,2,2,4,6,8,5,4,1,43
52,1987-02-24,24-007,CHI,ATL,W (+10),1,42:00,10,22,.455,0,0,,14,18,.778,3,9,12,2,5,5,2,3,34
53,1987-02-26,24-009,CHI,NJN,W (+15),1,37:00,16,25,.640,0,0,,26,27,.963,1,7,8,3,3,2,3,4,58
54,1987-02-28,24-011,CHI,MIL,W (+3),1,38:00,11,28,.393,0,1,.000,15,17,.882,3,3,6,2,3,1,3,4,37
55,1987-03-01,24-012,CHI,NJN,L (-10),1,39:00,10,23,.435,0,1,.000,10,12,.833,3,1,4,4,3,2,7,4,30
56,1987-03-03,24-014,CHI,LAC,W (+34),1,28:00,11,17,.647,0,0,,8,9,.889,0,3,3,8,3,2,2,1,30
57,1987-03-04,24-015,CHI,DET,W (+5),1,43:00,22,39,.564,0,0,,17,18,.944,3,4,7,3,3,3,5,0,61
58,1987-03-06,24-017,CHI,NYK,L (-1),1,39:00,10,24,.417,0,0,,7,9,.778,3,5,8,5,8,3,4,2,27
59,1987-03-08,24-019,CHI,DAL,W (+10),1,44:00,11,28,.393,0,1,.000,11,12,.917,3,3,6,4,5,3,1,2,33
60,1987-03-09,24-020,CHI,ATL,L (-5),1,42:00,12,26,.462,0,1,.000,7,10,.700,2,5,7,8,3,1,3,2,31
61,1987-03-11,24-022,CHI,PHI,L (-9),1,44:00,19,34,.559,1,1,1.000,10,11,.909,4,4,8,7,2,4,6,4,49
62,1987-03-13,24-024,CHI,DET,L (-1),1,36:00,7,22,.318,0,0,,10,13,.769,1,3,4,3,0,0,2,2,24
63,1987-03-14,24-025,CHI,WSB,L (-1),1,47:00,5,20,.250,0,0,,3,3,1.000,1,6,7,8,4,2,7,0,13
64,1987-03-16,24-027,CHI,HOU,L (-1),1,43:00,15,28,.536,0,1,.000,14,14,1.000,1,3,4,5,4,0,4,5,44
65,1987-03-17,24-028,CHI,DAL,L (-18),1,42:00,7,21,.333,1,2,.500,6,7,.857,0,3,3,9,0,0,3,3,21
66,1987-03-19,24-030,CHI,LAC,W (+17),1,41:00,14,23,.609,1,1,1.000,11,11,1.000,3,4,7,3,2,4,2,4,40
67,1987-03-21,24-032,CHI,SAC,W (+15),1,44:00,13,25,.520,0,1,.000,14,15,.933,1,2,3,5,4,0,7,2,40
68,1987-03-22,24-033,CHI,POR,L (-2),1,43:00,14,26,.538,0,2,.000,18,20,.900,0,1,1,6,4,0,7,3,46
69,1987-03-24,24-035,CHI,PHI,W (+2),1,44:00,22,32,.688,0,1,.000,12,15,.800,1,6,7,3,8,0,7,2,56
70,1987-03-26,24-037,CHI,NJN,L (-2),1,43:00,14,30,.467,0,0,,12,14,.857,1,5,6,7,4,1,4,1,40
71,1987-03-27,24-038,CHI,BOS,L (-5),1,40:00,9,23,.391,0,0,,4,5,.800,3,4,7,7,7,1,3,3,22
72,1987-03-29,24-040,CHI,NYK,W (+19),1,40:00,13,24,.542,0,2,.000,7,9,.778,0,1,1,8,4,1,1,3,33
73,1987-03-31,24-042,CHI,WSB,W (+26),1,34:00,12,18,.667,0,0,,12,14,.857,0,3,3,4,3,1,4,2,36
74,1987-04-01,24-043,CHI,IND,L (-5),1,41:00,10,25,.400,1,3,.333,5,6,.833,2,7,9,7,5,3,3,5,26
75,1987-04-03,24-045,CHI,WSB,L (-4),1,45:00,13,22,.591,1,2,.500,5,5,1.000,1,1,2,7,2,1,4,4,32
76,1987-04-04,24-046,CHI,ATL,L (-13),1,35:00,9,24,.375,0,1,.000,13,13,1.000,5,1,6,7,1,0,1,3,31
77,1987-04-07,24-049,CHI,DET,W (+30),1,26:00,13,21,.619,0,0,,13,16,.813,2,3,5,4,4,1,3,0,39
78,1987-04-10,24-052,CHI,PHI,L (-2),1,50:00,11,31,.355,0,1,.000,12,15,.800,3,3,6,10,3,1,3,3,34
79,1987-04-12,24-054,CHI,IND,W (+21),1,42:00,19,27,.704,0,0,,15,18,.833,2,2,4,8,4,2,3,2,53
80,1987-04-13,24-055,CHI,MIL,W (+7),1,41:00,16,31,.516,0,1,.000,18,22,.818,1,8,9,4,4,3,1,5,50
81,1987-04-16,24-058,CHI,ATL,L (-3),1,41:00,22,38,.579,0,3,.000,17,21,.810,5,5,10,1,4,1,3,3,61
82,1987-04-17,24-059,CHI,BOS,L (-3),1,25:00,5,15,.333,0,0,,7,7,1.000,1,3,4,8,0,2,1,2,17
1,1987-11-07,24-263,CHI,PHI,W (+10),1,38:00,15,25,.600,0,0,,6,10,.600,2,3,5,3,6,4,2,3,36
2,1987-11-10,24-266,CHI,ATL,W (+10),1,42:00,11,23,.478,1,3,.333,6,9,.667,0,6,6,7,1,1,3,3,29
3,1987-11-11,24-267,CHI,NJN,W (+9),1,40:00,10,20,.500,0,1,.000,11,13,.846,1,2,3,4,2,0,5,4,31
4,1987-11-13,24-269,CHI,NJN,W (+18),1,35:00,10,19,.526,0,0,,16,17,.941,3,4,7,5,6,1,3,1,36
5,1987-11-14,24-270,CHI,IND,L (-1),1,40:00,14,29,.483,0,0,,9,11,.818,3,2,5,5,4,1,3,3,37
6,1987-11-17,24-273,CHI,WSB,W (+4),1,36:00,10,18,.556,0,0,,6,6,1.000,0,3,3,7,2,1,3,3,26
7,1987-11-18,24-274,CHI,WSB,W (+2),1,40:00,9,21,.429,0,1,.000,12,12,1.000,1,2,3,8,3,1,2,3,30
8,1987-11-20,24-276,CHI,ATL,W (+2),1,40:00,10,22,.455,0,0,,13,14,.929,0,7,7,7,4,4,2,3,33
9,1987-11-21,24-277,CHI,DET,L (-12),1,44:00,17,38,.447,0,2,.000,15,17,.882,2,4,6,8,6,1,4,6,49
10,1987-11-23,24-279,CHI,BOS,W (+5),1,41:00,12,26,.462,0,0,,7,10,.700,4,6,10,3,4,0,5,5,31
11,1987-11-25,24-281,CHI,MIL,W (+2),1,39:00,13,24,.542,0,1,.000,7,8,.875,1,2,3,6,3,1,1,5,33
12,1987-11-27,24-283,CHI,DAL,L (-1),1,45:00,8,20,.400,0,1,.000,9,9,1.000,1,5,6,9,3,1,3,2,25
13,1987-11-28,24-284,CHI,HOU,W (+12),1,41:00,12,22,.545,0,1,.000,10,10,1.000,3,4,7,6,4,2,7,4,34
14,1987-12-01,24-287,CHI,GSW,W (+1),1,40:00,6,15,.400,0,0,,4,6,.667,0,6,6,9,3,1,3,2,16
15,1987-12-02,24-288,CHI,UTA,W (+4),1,39:00,17,27,.630,0,0,,13,16,.813,2,2,4,9,3,3,2,4,47
16,1987-12-04,24-290,CHI,DEN,L (-16),1,35:00,9,15,.600,1,1,1.000,4,5,.800,1,3,4,5,4,0,4,4,23
17,1987-12-05,24-291,CHI,SAS,L (-9),1,40:00,15,22,.682,0,2,.000,10,12,.833,1,1,2,8,1,0,6,3,40
18,1987-12-08,24-294,CHI,PHI,L (-13),1,42:00,14,26,.538,0,1,.000,5,6,.833,1,4,5,10,3,3,7,4,33
19,1987-12-10,24-296,CHI,MIL,W (+6),1,40:00,11,18,.611,0,0,,10,11,.909,1,6,7,4,3,1,3,2,32
20,1987-12-12,24-298,CHI,HOU,W (+9),1,40:00,16,28,.571,0,0,,12,12,1.000,0,3,3,9,5,5,3,3,44
21,1987-12-15,24-301,CHI,DET,L (-4),1,50:00,12,26,.462,1,2,.500,13,16,.813,3,5,8,12,3,1,2,6,38
22,1987-12-17,24-303,CHI,CLE,W (+11),1,41:00,20,31,.645,0,0,,12,12,1.000,0,3,3,6,4,1,2,2,52
23,1987-12-19,24-305,CHI,WSB,L (-13),1,43:00,12,23,.522,0,0,,6,8,.750,0,2,2,7,3,2,2,3,30
24,1987-12-22,24-308,CHI,DAL,L (-11),1,41:00,11,20,.550,0,1,.000,6,7,.857,4,2,6,7,4,2,4,4,28
25,1987-12-23,24-309,CHI,NYK,L (-1),1,39:00,5,15,.333,0,0,,6,9,.667,1,4,5,2,3,0,2,3,16
26,1987-12-26,24-312,CHI,IND,L (-14),1,34:00,6,22,.273,0,0,,5,6,.833,2,4,6,6,0,2,5,3,17
27,1987-12-29,24-315,CHI,ATL,L (-10),1,43:00,16,37,.432,0,2,.000,7,9,.778,6,2,8,6,5,0,2,5,39
28,1988-01-02,24-319,CHI,NJN,W (+23),1,37:00,9,19,.474,0,0,,7,7,1.000,3,7,10,10,6,3,1,4,25
29,1988-01-05,24-322,CHI,IND,W (+16),1,38:00,12,20,.600,0,0,,7,8,.875,6,5,11,9,4,5,2,5,31
30,1988-01-07,24-324,CHI,DEN,W (+4),1,42:00,11,22,.500,0,0,,6,11,.545,3,6,9,5,6,4,3,2,28
31,1988-01-09,24-326,CHI,UTA,W (+22),1,38:00,17,23,.739,0,0,,11,14,.786,1,2,3,8,4,0,1,3,45
32,1988-01-12,24-329,CHI,BOS,L (-7),1,43:00,19,35,.543,0,1,.000,4,5,.800,2,2,4,6,3,1,0,0,42
33,1988-01-14,24-331,CHI,CLE,L (-3),1,45:00,12,24,.500,0,1,.000,4,6,.667,3,1,4,7,1,2,4,3,28
34,1988-01-16,24-333,CHI,DET,W (+16),1,38:00,12,26,.462,0,0,,12,13,.923,4,6,10,10,4,4,3,3,36
35,1988-01-18,24-335,CHI,WSB,W (+14),1,39:00,13,19,.684,0,0,,7,10,.700,0,3,3,7,5,0,2,4,33
36,1988-01-19,24-336,CHI,ATL,L (-12),1,41:00,14,22,.636,0,0,,10,10,1.000,0,3,3,4,3,1,2,0,38
37,1988-01-22,24-339,CHI,PHO,W (+10),1,38:00,17,25,.680,0,0,,8,8,1.000,0,4,4,13,4,4,2,2,42
38,1988-01-23,24-340,CHI,GSW,W (+27),1,38:00,13,19,.684,0,0,,10,13,.769,3,4,7,8,3,1,2,5,36
39,1988-01-26,24-343,CHI,IND,L (-4),1,40:00,13,26,.500,1,1,1.000,7,10,.700,2,5,7,5,2,1,6,5,34
40,1988-01-27,24-344,CHI,PHI,W (+10),1,46:00,12,21,.571,1,1,1.000,12,12,1.000,2,2,4,7,2,1,2,5,37
41,1988-01-29,24-346,CHI,NJN,W (+27),1,27:00,14,18,.778,0,0,,4,5,.800,0,1,1,4,10,2,3,1,32
42,1988-01-30,24-347,CHI,NYK,W (+2),1,44:00,10,17,.588,0,1,.000,8,8,1.000,1,4,5,4,2,4,5,3,28
43,1988-02-01,24-349,CHI,SAC,L (-2),1,40:00,13,31,.419,0,0,,11,15,.733,0,5,5,3,5,2,4,4,37
44,1988-02-02,24-350,CHI,LAL,L (-9),1,40:00,14,26,.538,0,0,,11,11,1.000,1,1,2,4,3,1,3,3,39
45,1988-02-04,24-352,CHI,PHO,W (+12),1,37:00,14,27,.519,0,1,.000,9,11,.818,1,4,5,8,0,1,0,1,37
46,1988-02-09,24-357,CHI,DET,L (-15),1,42:00,7,22,.318,0,0,,6,8,.750,1,6,7,9,4,0,2,4,20
47,1988-02-10,24-358,CHI,NJN,L (-9),1,37:00,10,23,.435,0,2,.000,14,15,.933,2,2,4,4,1,3,3,3,34
48,1988-02-12,24-360,CHI,MIL,W (+2),1,43:00,9,19,.474,0,1,.000,9,10,.900,0,6,6,8,0,0,3,3,27
49,1988-02-13,24-361,CHI,DET,L (-9),1,40:00,9,22,.409,0,1,.000,9,10,.900,0,2,2,2,3,2,4,0,27
50,1988-02-15,24-363,CHI,ATL,W (+19),1,38:00,13,22,.591,0,0,,6,8,.750,3,10,13,8,5,2,2,2,32
51,1988-02-19,25-002,CHI,SAC,W (+21),1,38:00,19,27,.704,0,0,,11,14,.786,2,1,3,3,3,3,5,2,49
52,1988-02-21,25-004,CHI,CLE,L (-2),1,45:00,16,31,.516,0,2,.000,14,15,.933,1,3,4,9,3,1,3,3,46
53,1988-02-23,25-006,CHI,SEA,W (+7),1,48:00,11,29,.379,0,0,,17,20,.850,2,7,9,5,4,2,0,4,39
54,1988-02-26,25-009,CHI,POR,L (-8),1,43:00,21,34,.618,0,2,.000,10,12,.833,2,6,8,3,2,3,6,5,52
55,1988-02-27,25-010,CHI,MIL,L (-3),1,44:00,16,27,.593,0,0,,6,8,.750,1,1,2,3,3,3,3,5,38
56,1988-02-29,25-012,CHI,PHI,L (-1),1,46:00,13,22,.591,0,0,,9,13,.692,1,4,5,4,2,0,3,1,35
57,1988-03-03,25-015,CHI,PHI,W (+4),1,41:00,15,29,.517,0,0,,6,9,.667,0,10,10,7,3,2,5,4,36
58,1988-03-05,25-017,CHI,LAC,W (+24),1,27:00,9,13,.692,0,0,,3,4,.750,0,6,6,4,4,2,2,2,21
59,1988-03-07,25-019,CHI,NYK,L (-12),1,44:00,12,24,.500,0,2,.000,14,16,.875,1,9,10,3,1,0,4,4,38
60,1988-03-10,25-022,CHI,LAL,W (+21),1,42:00,17,34,.500,0,1,.000,4,4,1.000,5,4,9,7,3,1,2,2,38
61,1988-03-12,25-024,CHI,SAS,W (+20),1,34:00,9,22,.409,0,0,,10,12,.833,3,4,7,6,0,0,2,2,28
62,1988-03-15,25-027,CHI,CLE,W (+19),1,37:00,17,29,.586,0,0,,4,7,.571,4,2,6,1,2,1,2,2,38
63,1988-03-16,25-028,CHI,WSB,L (-3),1,39:00,10,23,.435,0,0,,5,5,1.000,3,1,4,5,0,2,3,2,25
64,1988-03-18,25-030,CHI,BOS,W (+10),1,42:00,19,32,.594,1,2,.500,11,11,1.000,2,3,5,9,5,1,1,4,50
65,1988-03-20,25-032,CHI,BOS,L (-30),1,39:00,10,18,.556,0,0,,6,8,.750,0,4,4,7,1,1,5,4,26
66,1988-03-23,25-035,CHI,PHI,W (+16),1,42:00,20,35,.571,0,1,.000,9,12,.750,5,8,13,2,0,2,0,4,49
67,1988-03-25,25-037,CHI,CLE,W (+1),1,48:00,14,29,.483,0,0,,11,13,.846,2,6,8,7,2,4,3,3,39
68,1988-03-26,25-038,CHI,IND,W (+9),1,42:00,16,27,.593,0,2,.000,6,9,.667,0,3,3,2,3,4,6,2,38
69,1988-03-29,25-041,CHI,SEA,L (-3),1,42:00,8,17,.471,0,0,,10,12,.833,1,3,4,4,2,2,6,3,26
70,1988-03-30,25-042,CHI,LAC,W (+17),1,34:00,15,25,.600,0,0,,6,6,1.000,2,4,6,4,6,0,2,3,36
71,1988-04-01,25-044,CHI,POR,W (+15),1,42:00,13,30,.433,1,2,.500,11,13,.846,4,7,11,7,3,0,3,5,38
72,1988-04-03,25-046,CHI,DET,W (+2),1,42:00,21,27,.778,0,1,.000,17,19,.895,2,2,4,6,2,2,1,4,59
73,1988-04-05,25-048,CHI,WSB,L (-11),1,42:00,12,20,.600,0,1,.000,5,8,.625,1,2,3,1,4,2,6,4,29
74,1988-04-06,25-049,CHI,MIL,W (+9),1,44:00,12,22,.545,0,0,,13,13,1.000,1,5,6,6,3,1,5,5,37
75,1988-04-08,25-051,CHI,NYK,W (+9),1,43:00,13,24,.542,0,0,,14,18,.778,3,3,6,3,8,1,3,4,40
76,1988-04-14,25-057,CHI,IND,W (+6),1,38:00,12,28,.429,0,2,.000,11,12,.917,2,4,6,3,3,1,2,3,35
77,1988-04-15,25-058,CHI,NJN,W (+1),1,39:00,11,20,.550,0,0,,6,8,.750,0,0,0,4,2,0,3,5,28
78,1988-04-17,25-060,CHI,MIL,W (+8),1,38:00,17,29,.586,0,1,.000,10,14,.714,1,2,3,6,4,3,2,4,44
79,1988-04-19,25-062,CHI,NYK,W (+3),1,40:00,18,27,.667,0,2,.000,11,13,.846,3,2,5,2,2,1,6,4,47
80,1988-04-21,25-064,CHI,BOS,L (-7),1,41:00,17,33,.515,0,2,.000,5,6,.833,3,0,3,8,2,1,4,5,39
81,1988-04-22,25-065,CHI,CLE,L (-4),1,42:00,12,26,.462,0,0,,2,2,1.000,1,0,1,7,4,1,2,5,26
82,1988-04-24,25-067,CHI,BOS,W (+7),1,44:00,16,25,.640,0,1,.000,14,15,.933,0,6,6,6,1,1,3,3,46
1,1988-11-04,25-261,CHI,DET,L (-13),1,43:00,10,19,.526,0,2,.000,8,12,.667,1,4,5,7,5,2,2,5,28
2,1988-11-05,25-262,CHI,WSB,W (+13),1,39:00,9,21,.429,0,0,,11,12,.917,0,2,2,7,3,0,5,4,29
3,1988-11-08,25-265,CHI,NYK,L (-9),1,39:00,13,21,.619,2,3,.667,3,3,1.000,2,1,3,9,2,0,4,5,31
4,1988-11-09,25-266,CHI,BOS,W (+6),1,42:00,18,33,.545,2,4,.500,14,16,.875,0,3,3,2,9,2,2,4,52
5,1988-11-11,25-268,CHI,NJN,W (+12),1,41:00,14,24,.583,0,1,.000,8,11,.727,1,5,6,3,3,4,6,2,36
6,1988-11-12,25-269,CHI,NJN,L (-6),1,43:00,17,31,.548,0,3,.000,8,12,.667,2,5,7,6,3,1,1,2,42
7,1988-11-15,25-272,CHI,PHI,W (+13),1,43:00,14,27,.519,0,0,,5,6,.833,1,5,6,6,5,1,3,2,33
8,1988-11-16,25-273,CHI,PHI,L (-13),1,43:00,24,29,.828,0,1,.000,4,4,1.000,3,6,9,1,4,2,4,2,52
9,1988-11-18,25-275,CHI,ATL,W (+3),1,49:00,12,21,.571,0,0,,10,13,.769,1,8,9,9,1,0,6,4,34
10,1988-11-22,25-279,CHI,SAC,W (+16),1,38:00,16,20,.800,0,0,,0,0,,1,10,11,8,1,1,2,3,32
11,1988-11-23,25-280,CHI,LAC,L (-8),1,41:00,7,15,.467,1,2,.500,11,12,.917,2,10,12,7,5,4,6,4,26
12,1988-11-26,25-283,CHI,DEN,L (-5),1,44:00,19,27,.704,3,5,.600,11,14,.786,2,9,11,7,1,0,6,3,52
13,1988-11-29,25-286,CHI,GSW,L (-10),1,43:00,11,24,.458,0,1,.000,4,4,1.000,2,8,10,7,4,0,3,3,26
14,1988-11-30,25-287,CHI,UTA,L (-14),1,39:00,11,25,.440,0,1,.000,11,13,.846,4,4,8,5,2,1,3,1,33
15,1988-12-03,25-290,CHI,DAL,W (+13),1,43:00,16,31,.516,0,0,,7,8,.875,3,8,11,6,2,3,2,5,39
16,1988-12-06,25-293,CHI,BOS,W (+5),1,43:00,14,20,.700,0,0,,10,11,.909,2,7,9,5,5,0,6,4,38
17,1988-12-07,25-294,CHI,DET,L (-13),1,40:00,4,16,.250,0,0,,10,11,.909,3,4,7,7,1,2,3,1,18
18,1988-12-09,25-296,CHI,MIL,W (+18),1,40:00,10,17,.588,0,2,.000,15,17,.882,3,8,11,5,1,1,5,3,35
19,1988-12-10,25-297,CHI,MIA,W (+23),1,37:00,14,25,.560,1,2,.500,9,10,.900,2,9,11,4,2,0,1,3,38
20,1988-12-13,25-300,CHI,ATL,L (-18),1,41:00,11,24,.458,0,1,.000,6,6,1.000,2,12,14,6,2,0,1,3,28
21,1988-12-16,25-303,CHI,IND,W (+7),1,38:00,10,22,.455,0,3,.000,8,9,.889,3,4,7,7,6,0,2,4,28
22,1988-12-17,25-304,CHI,MIL,W (+19),1,40:00,12,25,.480,0,1,.000,12,12,1.000,0,6,6,5,3,0,3,2,36
23,1988-12-20,25-307,CHI,LAL,W (+13),1,39:00,11,23,.478,2,3,.667,18,22,.818,4,3,7,8,4,0,1,0,42
24,1988-12-23,25-310,CHI,CHH,L (-2),1,41:00,14,26,.538,0,0,,5,6,.833,2,3,5,4,6,0,7,5,33
25,1988-12-27,25-314,CHI,CLE,L (-11),1,42:00,18,30,.600,1,1,1.000,6,6,1.000,3,9,12,4,3,0,4,3,43
26,1988-12-29,25-316,CHI,NYK,W (+2),1,40:00,14,27,.519,0,2,.000,9,12,.750,1,8,9,3,3,0,3,2,37
27,1988-12-30,25-317,CHI,IND,W (+16),1,37:00,13,26,.500,0,0,,5,5,1.000,2,5,7,4,4,2,2,1,31
28,1989-01-03,25-321,CHI,LAC,W (+5),1,47:00,15,30,.500,0,3,.000,11,15,.733,1,9,10,11,6,0,4,5,41
29,1989-01-05,25-323,CHI,CLE,L (-5),1,41:00,13,24,.542,1,2,.500,5,5,1.000,2,9,11,7,2,0,2,2,32
30,1989-01-06,25-324,CHI,UTA,L (-14),1,37:00,12,21,.571,0,0,,3,5,.600,1,4,5,4,2,1,2,2,27
31,1989-01-10,25-328,CHI,ATL,W (+3),1,41:00,17,29,.586,0,2,.000,14,16,.875,4,6,10,9,3,0,4,2,48
32,1989-01-11,25-329,CHI,CHH,W (+5),1,40:00,7,15,.467,0,0,,10,11,.909,1,3,4,10,3,1,6,4,24
33,1989-01-13,25-331,CHI,DEN,W (+5),1,46:00,13,24,.542,0,1,.000,12,13,.923,1,11,12,11,3,0,6,4,38
34,1989-01-15,25-333,CHI,BOS,W (+6),1,41:00,13,23,.565,0,3,.000,16,17,.941,1,8,9,11,8,0,2,2,42
35,1989-01-17,25-335,CHI,IND,W (+7),1,44:00,10,18,.556,0,1,.000,2,4,.500,1,5,6,13,4,1,2,4,22
36,1989-01-19,25-337,CHI,MIA,W (+4),1,41:00,14,25,.560,0,1,.000,6,8,.750,3,2,5,7,2,1,1,3,34
37,1989-01-21,25-339,CHI,PHO,L (-9),1,41:00,20,28,.714,0,0,,13,15,.867,1,13,14,8,2,1,4,4,53
38,1989-01-24,25-342,CHI,DAL,W (+18),1,33:00,10,20,.500,0,1,.000,4,5,.800,1,2,3,6,3,0,1,1,24
39,1989-01-25,25-343,CHI,PHI,L (-12),1,45:00,14,25,.560,0,0,,5,5,1.000,0,6,6,12,2,1,2,5,33
40,1989-01-27,25-345,CHI,WSB,W (+11),1,39:00,14,25,.560,0,0,,5,8,.625,3,8,11,9,3,1,1,4,33
41,1989-01-31,25-349,CHI,DET,L (-6),1,41:00,7,24,.292,0,1,.000,7,10,.700,3,9,12,10,2,1,5,6,21
42,1989-02-02,25-351,CHI,SAC,W (+11),1,40:00,15,21,.714,0,0,,10,12,.833,1,6,7,8,4,0,6,2,40
43,1989-02-03,25-352,CHI,HOU,L (-7),1,45:00,10,24,.417,0,1,.000,9,12,.750,2,4,6,10,5,1,3,3,29
44,1989-02-05,25-354,CHI,DET,L (-11),1,42:00,10,18,.556,1,4,.250,7,8,.875,2,4,6,10,1,1,1,3,28
45,1989-02-07,25-356,CHI,CHH,W (+25),1,32:00,11,20,.550,1,2,.500,9,10,.900,2,5,7,5,2,0,3,3,32
46,1989-02-09,25-358,CHI,SAS,W (+5),1,43:00,9,20,.450,0,0,,5,8,.625,3,3,6,9,2,1,6,2,23
47,1989-02-14,25-363,CHI,ATL,L (-8),1,36:00,11,14,.786,1,1,1.000,9,16,.563,2,3,5,3,3,1,3,4,32
48,1989-02-16,25-365,CHI,MIL,W (+1),1,40:00,16,26,.615,1,2,.500,17,18,.944,2,6,8,5,3,0,4,4,50
49,1989-02-19,26-002,CHI,MIL,W (+2),1,40:00,9,19,.474,0,0,,5,6,.833,0,3,3,9,2,3,7,4,23
50,1989-02-20,26-003,CHI,POR,W (+4),1,36:00,13,22,.591,0,0,,7,8,.875,2,4,6,7,1,0,4,3,33
51,1989-02-22,26-005,CHI,CHH,W (+28),1,37:00,10,14,.714,0,1,.000,4,5,.800,0,4,4,5,1,0,6,4,24
52,1989-02-24,26-007,CHI,HOU,W (+9),1,38:00,10,18,.556,0,0,,13,15,.867,0,4,4,8,4,0,2,2,33
53,1989-02-25,26-008,CHI,ATL,L (-30),1,30:00,7,12,.583,0,0,,4,5,.800,1,4,5,3,3,0,4,3,18
54,1989-02-28,26-011,CHI,SAS,W (+19),1,34:00,11,16,.688,0,0,,2,2,1.000,4,2,6,8,2,1,4,1,24
55,1989-03-03,26-014,CHI,MIL,W (+6),1,41:00,10,18,.556,1,1,1.000,7,11,.636,2,6,8,9,2,1,6,4,28
56,1989-03-04,26-015,CHI,NYK,L (-18),1,42:00,10,16,.625,0,0,,8,8,1.000,1,2,3,10,2,0,4,4,28
57,1989-03-07,26-018,CHI,PHI,L (-2),1,39:00,15,27,.556,0,0,,4,5,.800,3,8,11,4,3,0,2,2,34
58,1989-03-11,26-022,CHI,SEA,W (+17),1,40:00,8,13,.615,0,0,,2,2,1.000,1,7,8,15,1,3,3,3,18
59,1989-03-13,26-024,CHI,IND,W (+32),1,30:00,7,15,.467,3,4,.750,4,4,1.000,3,11,14,14,3,2,1,0,21
60,1989-03-15,26-026,CHI,CLE,L (-24),1,38:00,12,22,.545,0,0,,4,5,.800,1,5,6,12,3,0,8,3,28
61,1989-03-17,26-028,CHI,NYK,W (+5),1,41:00,9,16,.563,2,2,1.000,13,14,.929,1,4,5,9,4,1,4,5,33
62,1989-03-18,26-029,CHI,IND,L (-11),1,44:00,11,24,.458,0,1,.000,6,7,.857,0,6,6,10,0,1,2,1,28
63,1989-03-21,26-032,CHI,LAL,W (+1),1,43:00,7,20,.350,0,0,,7,8,.875,1,7,8,16,1,0,5,3,21
64,1989-03-22,26-033,CHI,PHO,W (+1),1,37:00,10,20,.500,0,0,,12,12,1.000,0,10,10,9,1,0,3,5,32
65,1989-03-24,26-035,CHI,POR,W (+15),1,40:00,10,20,.500,1,3,.333,13,16,.813,3,4,7,17,6,0,7,4,34
66,1989-03-25,26-036,CHI,SEA,W (+1),1,40:00,8,18,.444,0,0,,5,5,1.000,1,11,12,12,3,0,6,3,21
67,1989-03-28,26-039,CHI,GSW,W (+9),1,40:00,13,24,.542,0,1,.000,7,9,.778,1,11,12,11,4,0,5,4,33
68,1989-03-29,26-040,CHI,MIL,W (+4),1,43:00,9,19,.474,0,1,.000,14,16,.875,1,9,10,10,2,1,4,4,32
69,1989-03-31,26-042,CHI,CLE,L (-9),1,43:00,15,29,.517,1,2,.500,6,7,.857,2,8,10,10,3,1,3,4,37
70,1989-04-02,26-044,CHI,NJN,W (+11),1,39:00,11,23,.478,0,1,.000,5,5,1.000,5,9,14,12,2,2,3,2,27
71,1989-04-04,26-046,CHI,CHH,W (+20),1,40:00,10,15,.667,0,2,.000,13,15,.867,4,6,10,12,6,1,3,1,33
72,1989-04-06,26-048,CHI,DET,L (-7),1,43:00,11,23,.478,1,5,.200,8,8,1.000,2,11,13,10,2,0,2,2,31
73,1989-04-07,26-049,CHI,DET,L (-2),1,42:00,11,18,.611,0,0,,18,21,.857,1,6,7,11,2,0,1,6,40
74,1989-04-09,26-051,CHI,ATL,L (-8),1,43:00,13,29,.448,0,3,.000,14,14,1.000,4,6,10,12,1,0,2,3,40
75,1989-04-13,26-055,CHI,IND,L (-4),1,46:00,17,30,.567,0,1,.000,13,14,.929,2,9,11,13,4,2,4,3,47
76,1989-04-14,26-056,CHI,NJN,L (-12),1,38:00,12,27,.444,0,1,.000,5,7,.714,2,8,10,12,3,2,4,2,29
77,1989-04-16,26-058,CHI,CLE,L (-19),1,27:00,8,14,.571,0,1,.000,6,6,1.000,0,3,3,3,2,1,5,2,22
78,1989-04-17,26-059,CHI,NYK,W (+4),1,42:00,11,21,.524,1,3,.333,11,13,.846,1,10,11,9,2,3,5,3,34
79,1989-04-20,26-062,CHI,WSB,L (-2),1,39:00,9,20,.450,0,0,,12,13,.923,2,3,5,4,1,1,6,4,30
80,1989-04-21,26-063,CHI,WSB,W (+2),1,42:00,13,31,.419,0,0,,8,11,.727,6,8,14,11,2,1,1,1,34
81,1989-04-23,26-065,CHI,CLE,L (-6),1,35:00,9,19,.474,0,2,.000,7,8,.875,3,2,5,3,1,0,3,3,25
1,1989-11-03,26-259,CHI,CLE,W (+5),1,47:00,19,31,.613,1,2,.500,15,17,.882,3,11,14,6,3,1,0,3,54
2,1989-11-04,26-260,CHI,BOS,L (-2),1,34:00,10,18,.556,0,3,.000,4,6,.667,0,5,5,6,5,1,4,5,24
3,1989-11-07,26-263,CHI,DET,W (+3),1,44:00,13,24,.542,0,2,.000,14,17,.824,2,3,5,7,3,0,4,1,40
4,1989-11-08,26-264,CHI,MIN,W (+12),1,40:00,15,24,.625,1,1,1.000,14,14,1.000,1,5,6,2,2,0,3,2,45
5,1989-11-10,26-266,CHI,NJN,L (-10),1,41:00,8,22,.364,0,0,,10,11,.909,3,3,6,5,2,0,2,4,26
6,1989-11-11,26-267,CHI,SEA,W (+7),1,34:00,8,15,.533,1,2,.500,8,9,.889,0,4,4,6,3,1,4,4,25
7,1989-11-14,26-270,CHI,SAC,W (+2),1,40:00,11,25,.440,1,1,1.000,4,8,.500,6,7,13,7,2,0,4,2,27
8,1989-11-15,26-271,CHI,UTA,L (-1),1,38:00,12,26,.462,0,3,.000,16,19,.842,1,9,10,3,1,0,2,3,40
9,1989-11-18,26-274,CHI,SEA,L (-9),1,39:00,12,26,.462,3,8,.375,5,7,.714,3,3,6,7,1,0,2,3,32
10,1989-11-21,26-277,CHI,POR,L (-11),1,36:00,5,13,.385,1,3,.333,5,6,.833,0,0,0,7,2,0,4,1,16
11,1989-11-22,26-278,CHI,PHO,W (+5),1,44:00,12,30,.400,1,3,.333,9,10,.900,2,5,7,7,2,0,2,2,34
12,1989-11-25,26-281,CHI,GSW,W (+13),1,41:00,12,29,.414,1,5,.200,4,5,.800,6,8,14,9,3,0,3,3,29
13,1989-11-26,26-282,CHI,LAC,L (-24),1,33:00,9,18,.500,1,2,.500,7,10,.700,3,4,7,4,2,2,7,3,26
14,1989-11-28,26-284,CHI,ATL,W (+15),1,39:00,8,15,.533,0,0,,6,6,1.000,0,9,9,13,3,0,4,4,22
15,1989-12-02,26-288,CHI,MIA,W (+7),1,36:00,11,16,.688,0,0,,14,15,.933,2,3,5,7,0,1,5,4,36
16,1989-12-05,26-291,CHI,DEN,W (+20),1,33:00,15,27,.556,0,1,.000,5,5,1.000,8,9,17,7,1,1,1,0,35
17,1989-12-08,26-294,CHI,IND,L (-2),1,46:00,14,25,.560,1,3,.333,7,9,.778,0,8,8,10,4,1,4,4,36
18,1989-12-09,26-295,CHI,PHI,W (+20),1,36:00,13,21,.619,3,6,.500,0,0,,0,9,9,9,1,0,1,3,29
19,1989-12-12,26-298,CHI,DAL,W (+8),1,41:00,18,29,.621,2,2,1.000,3,4,.750,1,6,7,7,2,1,2,1,41
20,1989-12-14,26-300,CHI,ORL,W (+11),1,25:00,14,20,.700,3,3,1.000,7,9,.778,2,5,7,5,2,0,1,2,38
21,1989-12-16,26-302,CHI,CHH,W (+11),1,41:00,13,28,.464,0,1,.000,7,10,.700,2,7,9,7,2,2,0,2,33
22,1989-12-19,26-305,CHI,LAL,W (+10),1,44:00,15,29,.517,2,4,.500,5,5,1.000,0,7,7,5,2,1,7,1,37
23,1989-12-20,26-306,CHI,ORL,L (-1),1,45:00,20,37,.541,2,3,.667,10,10,1.000,1,4,5,7,4,0,3,3,52
24,1989-12-22,26-308,CHI,ATL,W (+12),1,32:00,10,17,.588,2,3,.667,7,8,.875,0,4,4,4,2,0,4,4,29
25,1989-12-23,26-309,CHI,PHI,L (-27),1,30:00,5,13,.385,0,1,.000,6,6,1.000,1,3,4,6,2,0,4,2,16
26,1989-12-26,26-312,CHI,MIN,W (+13),1,35:00,12,17,.706,3,5,.600,1,2,.500,1,1,2,4,4,1,3,4,28
27,1989-12-29,26-315,CHI,SAS,W (+4),1,42:00,10,26,.385,1,2,.500,13,15,.867,1,4,5,7,3,0,4,4,34
28,1989-12-30,26-316,CHI,WSB,W (+5),1,43:00,13,26,.500,0,2,.000,2,2,1.000,1,6,7,10,4,3,3,4,28
29,1990-01-03,26-320,CHI,CLE,W (+6),1,46:00,15,32,.469,0,3,.000,8,9,.889,1,7,8,8,4,0,1,4,38
30,1990-01-05,26-322,CHI,ORL,W (+11),1,41:00,19,31,.613,2,5,.400,3,3,1.000,0,4,4,6,4,0,3,4,43
31,1990-01-06,26-323,CHI,MIL,L (-7),1,41:00,13,23,.565,3,7,.429,6,7,.857,1,8,9,5,5,1,6,3,35
32,1990-01-09,26-326,CHI,DET,L (-10),1,34:00,6,17,.353,1,3,.333,3,4,.750,3,5,8,5,2,1,4,2,16
33,1990-01-10,26-327,CHI,IND,L (-7),1,42:00,13,30,.433,1,3,.333,8,8,1.000,2,5,7,5,2,1,2,0,35
34,1990-01-12,26-329,CHI,CHH,W (+12),1,40:00,19,28,.679,0,1,.000,7,9,.778,2,2,4,6,1,0,2,4,45
35,1990-01-13,26-330,CHI,LAC,W (+6),1,34:00,11,21,.524,2,4,.500,4,6,.667,0,5,5,10,4,0,0,1,28
36,1990-01-15,26-332,CHI,NYK,L (-3),1,42:00,9,24,.375,0,2,.000,8,9,.889,1,3,4,8,3,0,5,3,26
37,1990-01-18,26-335,CHI,GSW,W (+25),1,33:00,17,30,.567,7,12,.583,3,3,1.000,3,9,12,8,1,2,2,3,44
38,1990-01-19,26-336,CHI,ATL,W (+8),1,40:00,12,24,.500,0,3,.000,12,16,.750,3,6,9,3,7,0,7,1,36
39,1990-01-21,26-338,CHI,NYK,W (+8),1,41:00,10,17,.588,4,5,.800,18,20,.900,1,9,10,7,4,2,4,4,42
40,1990-01-23,26-340,CHI,DET,L (-12),1,45:00,11,31,.355,1,6,.167,9,11,.818,2,4,6,2,2,1,4,5,32
41,1990-01-26,26-343,CHI,PHI,L (-11),1,42:00,12,27,.444,0,2,.000,7,9,.778,2,3,5,11,2,0,1,3,31
42,1990-01-27,26-344,CHI,NJN,W (+3),1,35:00,15,25,.600,1,3,.333,8,8,1.000,2,5,7,4,4,0,3,3,39
43,1990-01-29,26-346,CHI,ATL,W (+10),1,30:00,7,14,.500,0,2,.000,2,3,.667,2,5,7,9,1,1,4,2,16
44,1990-02-01,26-349,CHI,HOU,L (-27),1,38:00,16,31,.516,0,2,.000,3,4,.750,2,4,6,5,2,0,3,0,35
45,1990-02-03,26-351,CHI,SAS,L (-1),1,46:00,17,32,.531,2,4,.500,8,8,1.000,3,0,3,5,2,0,3,3,44
46,1990-02-07,26-355,CHI,LAL,L (-18),1,40:00,12,21,.571,0,1,.000,8,12,.667,0,4,4,4,0,1,8,3,32
47,1990-02-08,26-356,CHI,DEN,L (-25),1,37:00,5,18,.278,1,2,.500,4,6,.667,0,1,1,8,1,1,4,2,15
48,1990-02-13,26-361,CHI,MIA,W (+12),1,40:00,8,16,.500,0,1,.000,10,11,.909,1,3,4,6,3,0,3,4,26
49,1990-02-14,26-362,CHI,ORL,L (-6),1,47:00,21,43,.488,0,2,.000,7,10,.700,1,6,7,2,0,1,0,1,49
50,1990-02-16,26-364,CHI,MIA,W (+14),1,31:00,10,14,.714,1,2,.500,5,6,.833,0,3,3,4,2,0,5,2,26
51,1990-02-18,27-001,CHI,MIL,W (+23),1,36:00,15,26,.577,0,2,.000,9,10,.900,1,2,3,4,2,1,0,4,39
52,1990-02-19,27-002,CHI,HOU,W (+5),1,42:00,11,25,.440,0,0,,8,9,.889,2,4,6,9,2,0,5,3,30
53,1990-02-23,27-006,CHI,POR,W (+11),1,35:00,12,25,.480,2,2,1.000,9,10,.900,2,8,10,10,1,0,6,4,35
54,1990-02-25,27-008,CHI,NJN,W (+1),1,44:00,12,24,.500,0,1,.000,8,9,.889,1,7,8,8,2,2,5,4,32
55,1990-02-27,27-010,CHI,MIL,W (+10),1,41:00,13,25,.520,0,1,.000,17,19,.895,2,4,6,6,3,0,3,4,43
56,1990-03-02,27-013,CHI,NJN,W (+21),1,31:00,8,12,.667,2,4,.500,5,6,.833,0,4,4,4,1,2,0,2,23
57,1990-03-04,27-015,CHI,BOS,W (+4),1,40:00,11,23,.478,1,1,1.000,13,15,.867,0,6,6,11,4,0,2,4,36
58,1990-03-06,27-017,CHI,MIL,W (+9),1,37:00,14,26,.538,2,4,.500,5,6,.833,2,6,8,6,4,0,2,5,35
59,1990-03-08,27-019,CHI,UTA,L (-4),1,47:00,12,29,.414,0,6,.000,19,22,.864,5,2,7,4,7,0,3,5,43
60,1990-03-10,27-021,CHI,IND,W (+12),1,39:00,17,27,.630,1,2,.500,10,10,1.000,2,5,7,3,5,1,2,5,45
61,1990-03-13,27-024,CHI,NYK,W (+3),1,42:00,11,19,.579,1,3,.333,11,12,.917,2,6,8,7,1,1,4,2,34
62,1990-03-16,27-027,CHI,DET,L (-25),1,41:00,8,17,.471,3,5,.600,1,3,.333,0,8,8,7,1,0,3,3,20
63,1990-03-17,27-028,CHI,PHI,W (+5),1,39:00,13,21,.619,3,6,.500,3,4,.750,2,6,8,10,2,1,2,2,32
64,1990-03-20,27-031,CHI,WSB,W (+25),1,39:00,8,19,.421,1,2,.500,4,4,1.000,3,5,8,5,2,2,3,2,21
65,1990-03-21,27-032,CHI,ATL,W (+10),1,38:00,10,20,.500,0,2,.000,7,9,.778,2,2,4,6,5,0,1,2,27
66,1990-03-23,27-034,CHI,CLE,W (+7),1,40:00,18,32,.563,0,3,.000,5,6,.833,2,4,6,5,5,1,3,1,41
67,1990-03-24,27-035,CHI,SAC,L (-3),1,39:00,16,28,.571,2,3,.667,9,10,.900,1,4,5,6,5,0,1,3,43
68,1990-03-26,27-037,CHI,PHO,W (+29),1,28:00,14,24,.583,0,1,.000,0,0,,4,8,12,5,6,0,2,0,28
69,1990-03-28,27-039,CHI,CLE,W (+4),1,50:00,23,37,.622,2,6,.333,21,23,.913,7,11,18,6,4,1,2,5,69
70,1990-03-30,27-041,CHI,NYK,W (+1),1,45:00,20,34,.588,1,3,.333,8,9,.889,1,11,12,4,5,2,2,3,49
71,1990-04-01,27-043,CHI,MIA,W (+8),1,41:00,20,29,.690,1,2,.500,6,9,.667,2,4,6,7,3,3,5,2,47
72,1990-04-03,27-045,CHI,IND,W (+7),1,44:00,8,19,.421,1,4,.250,12,12,1.000,1,3,4,10,0,2,0,4,29
73,1990-04-05,27-047,CHI,ORL,W (+7),1,39:00,14,23,.609,2,6,.333,8,10,.800,1,6,7,3,4,1,2,2,38
74,1990-04-07,27-049,CHI,DAL,W (+1),1,40:00,15,26,.577,3,5,.600,10,13,.769,2,1,3,4,2,1,0,3,43
75,1990-04-11,27-053,CHI,CLE,W (+21),1,31:00,9,15,.600,1,4,.250,3,4,.750,1,4,5,7,3,1,2,5,22
76,1990-04-13,27-055,CHI,MIL,W (+10),1,39:00,10,16,.625,1,4,.250,5,6,.833,1,5,6,10,8,2,4,3,26
77,1990-04-14,27-056,CHI,WSB,L (-10),1,37:00,10,21,.476,1,2,.500,0,1,.000,1,2,3,5,1,0,2,4,21
78,1990-04-16,27-058,CHI,IND,L (-9),1,45:00,11,24,.458,0,2,.000,1,2,.500,3,4,7,6,4,0,6,5,23
79,1990-04-17,27-059,CHI,BOS,W (+6),1,36:00,13,24,.542,2,3,.667,7,8,.875,1,10,11,6,2,1,6,3,35
80,1990-04-19,27-061,CHI,WSB,W (+3),1,36:00,12,26,.462,2,5,.400,6,6,1.000,3,3,6,7,5,1,3,4,32
81,1990-04-20,27-062,CHI,BOS,L (-4),1,35:00,21,29,.724,0,2,.000,3,3,1.000,1,7,8,9,3,0,3,5,45
82,1990-04-22,27-064,CHI,DET,L (-5),1,37:00,10,23,.435,1,3,.333,1,2,.500,3,7,10,4,2,0,2,3,22
1,1990-11-02,27-258,CHI,PHI,L (-8),1,34:00,14,24,.583,1,3,.333,5,5,1.000,3,2,5,7,7,0,5,4,34
2,1990-11-03,27-259,CHI,WSB,L (-1),1,46:00,11,22,.500,0,0,,6,9,.667,4,6,10,1,1,0,2,2,28
3,1990-11-06,27-262,CHI,BOS,L (-2),1,45:00,14,28,.500,0,1,.000,5,6,.833,3,5,8,12,3,0,2,4,33
4,1990-11-07,27-263,CHI,MIN,W (+5),1,39:00,7,14,.500,0,0,,3,5,.600,2,3,5,6,0,1,1,5,17
5,1990-11-09,27-265,CHI,BOS,W (+20),1,34:00,17,25,.680,0,1,.000,7,8,.875,1,4,5,6,2,0,3,3,41
6,1990-11-10,27-266,CHI,CHH,W (+19),1,36:00,8,15,.533,0,0,,7,8,.875,1,5,6,8,3,0,3,1,23
7,1990-11-13,27-269,CHI,UTA,W (+2),1,38:00,10,22,.455,1,1,1.000,8,10,.800,3,8,11,5,1,2,1,1,29
8,1990-11-15,27-271,CHI,GSW,L (-10),1,38:00,6,12,.500,0,1,.000,2,3,.667,2,6,8,6,1,1,2,4,14
9,1990-11-17,27-273,CHI,SEA,W (+21),1,27:00,13,20,.650,0,0,,7,8,.875,1,3,4,3,7,1,1,0,33
10,1990-11-18,27-274,CHI,POR,L (-13),1,41:00,12,25,.480,0,2,.000,5,6,.833,0,5,5,7,1,1,2,4,29
11,1990-11-21,27-277,CHI,PHO,L (-2),1,40:00,15,32,.469,0,0,,4,4,1.000,0,4,4,4,4,0,3,1,34
12,1990-11-23,27-279,CHI,LAC,W (+8),1,31:00,5,12,.417,0,0,,4,4,1.000,3,3,6,7,3,0,2,3,14
13,1990-11-24,27-280,CHI,DEN,W (+6),1,40:00,14,24,.583,0,0,,10,10,1.000,1,6,7,12,3,1,3,3,38
14,1990-11-28,27-284,CHI,WSB,W (+24),1,27:00,11,15,.733,0,0,,2,3,.667,0,2,2,7,3,1,1,2,24
15,1990-11-30,27-286,CHI,IND,W (+29),1,33:00,15,19,.789,0,0,,7,9,.778,1,4,5,3,2,2,1,4,37
16,1990-12-01,27-287,CHI,CLE,W (+35),1,30:00,13,18,.722,1,1,1.000,5,6,.833,0,2,2,4,2,0,1,2,32
17,1990-12-04,27-290,CHI,PHO,W (+28),1,35:00,12,22,.545,0,0,,3,3,1.000,1,3,4,7,0,1,2,5,27
18,1990-12-07,27-293,CHI,NYK,W (+10),1,39:00,14,25,.560,0,2,.000,5,7,.714,4,3,7,9,8,1,2,3,33
19,1990-12-08,27-294,CHI,POR,L (-8),1,40:00,16,28,.571,0,2,.000,3,4,.750,0,6,6,3,2,2,5,3,35
20,1990-12-11,27-297,CHI,MIL,L (-12),1,39:00,13,23,.565,0,0,,5,7,.714,0,4,4,5,3,1,4,2,31
21,1990-12-14,27-300,CHI,LAC,W (+40),1,30:00,8,15,.533,0,0,,4,6,.667,2,6,8,8,1,2,3,3,20
22,1990-12-15,27-301,CHI,CLE,W (+18),1,27:00,11,17,.647,0,0,,2,2,1.000,5,4,9,6,5,3,2,1,24
23,1990-12-18,27-304,CHI,MIA,W (+9),1,36:00,14,22,.636,0,0,,11,12,.917,3,6,9,6,6,2,2,2,39
24,1990-12-19,27-305,CHI,DET,L (-21),1,37:00,13,22,.591,0,1,.000,7,7,1.000,3,2,5,6,1,0,1,2,33
25,1990-12-21,27-307,CHI,LAL,W (+11),1,44:00,14,30,.467,0,2,.000,5,6,.833,8,7,15,9,2,1,1,3,33
26,1990-12-22,27-308,CHI,IND,W (+10),1,34:00,10,20,.500,0,0,,9,12,.750,2,5,7,5,0,2,2,4,29
27,1990-12-25,27-311,CHI,DET,W (+12),1,43:00,14,23,.609,1,1,1.000,8,10,.800,3,5,8,3,3,2,3,5,37
28,1990-12-27,27-313,CHI,GSW,W (+15),1,34:00,17,25,.680,1,2,.500,7,7,1.000,1,13,14,7,3,1,1,3,42
29,1990-12-29,27-315,CHI,SEA,W (+25),1,37:00,10,24,.417,0,2,.000,11,11,1.000,3,7,10,4,4,0,2,2,31
30,1991-01-03,27-320,CHI,HOU,L (-22),1,33:00,13,22,.591,0,0,,6,7,.857,0,3,3,7,3,1,4,2,32
31,1991-01-05,27-322,CHI,CLE,W (+16),1,37:00,12,26,.462,0,0,,6,7,.857,1,2,3,4,4,3,3,4,30
32,1991-01-08,27-325,CHI,NJN,W (+9),1,32:00,18,28,.643,1,1,1.000,4,5,.800,2,4,6,4,2,2,1,1,41
33,1991-01-09,27-326,CHI,PHI,W (+8),1,41:00,16,27,.593,0,1,.000,8,11,.727,0,4,4,9,0,1,1,3,40
34,1991-01-11,27-328,CHI,ATL,W (+3),1,42:00,12,23,.522,0,1,.000,7,7,1.000,0,6,6,6,2,1,5,4,31
35,1991-01-12,27-329,CHI,CHH,W (+11),1,38:00,11,21,.524,0,0,,11,13,.846,3,0,3,3,2,0,5,4,33
36,1991-01-14,27-331,CHI,MIL,W (+13),1,45:00,13,27,.481,1,3,.333,7,7,1.000,1,9,10,9,3,2,2,5,34
37,1991-01-16,27-333,CHI,ORL,W (+11),1,38:00,11,27,.407,0,0,,7,8,.875,0,4,4,4,3,1,2,5,29
38,1991-01-18,27-335,CHI,ATL,L (-9),1,41:00,13,28,.464,0,1,.000,4,4,1.000,0,7,7,8,3,0,4,2,30
39,1991-01-21,27-338,CHI,MIA,W (+11),1,39:00,17,28,.607,0,2,.000,3,5,.600,1,5,6,5,3,1,3,1,37
40,1991-01-23,27-340,CHI,NJN,L (-4),1,41:00,9,23,.391,1,1,1.000,16,19,.842,4,2,6,5,4,0,2,4,35
41,1991-01-25,27-342,CHI,MIA,W (+21),1,28:00,10,14,.714,3,3,1.000,3,4,.750,0,3,3,2,6,0,3,2,26
42,1991-01-31,27-348,CHI,SAS,L (-4),1,39:00,9,22,.409,1,1,1.000,17,18,.944,0,3,3,3,3,0,3,6,36
43,1991-02-01,27-349,CHI,DAL,W (+11),1,38:00,10,18,.556,0,0,,11,16,.688,1,5,6,8,2,0,2,0,31
44,1991-02-03,27-351,CHI,LAL,L (-13),1,40:00,10,22,.455,0,0,,3,3,1.000,1,6,7,9,6,1,2,1,23
45,1991-02-04,27-352,CHI,SAC,W (+11),1,33:00,7,14,.500,0,0,,10,11,.909,1,1,2,5,2,0,3,4,24
46,1991-02-07,27-355,CHI,DET,W (+2),1,41:00,10,21,.476,0,2,.000,10,12,.833,1,8,9,3,0,2,2,1,30
47,1991-02-12,27-360,CHI,ATL,W (+9),1,37:00,12,22,.545,1,2,.500,7,9,.778,0,4,4,7,2,2,3,2,32
48,1991-02-14,27-362,CHI,NYK,W (+10),1,36:00,13,20,.650,1,2,.500,2,2,1.000,0,2,2,3,2,3,0,2,29
49,1991-02-16,27-364,CHI,NJN,W (+12),1,39:00,11,26,.423,1,1,1.000,3,4,.750,2,9,11,7,3,0,7,0,26
50,1991-02-18,28-001,CHI,CLE,W (+15),1,38:00,11,24,.458,0,1,.000,10,11,.909,1,5,6,5,5,2,3,3,32
51,1991-02-19,28-002,CHI,WSB,W (+5),1,38:00,15,27,.556,0,1,.000,10,10,1.000,3,9,12,4,1,0,2,4,40
52,1991-02-22,28-005,CHI,SAC,W (+47),1,28:00,11,17,.647,1,1,1.000,11,11,1.000,1,2,3,4,6,0,0,2,34
53,1991-02-23,28-006,CHI,CHH,W (+21),1,35:00,12,22,.545,1,3,.333,4,5,.800,0,3,3,3,3,2,0,2,29
54,1991-02-26,28-009,CHI,BOS,W (+30),1,35:00,17,29,.586,1,1,1.000,4,8,.500,2,6,8,4,5,3,0,1,39
55,1991-03-01,28-012,CHI,DAL,W (+23),1,35:00,11,20,.550,1,1,1.000,6,6,1.000,1,10,11,8,2,0,5,2,29
56,1991-03-02,28-013,CHI,IND,L (-21),1,38:00,8,23,.348,0,1,.000,6,6,1.000,0,5,5,2,6,0,3,4,22
57,1991-03-05,28-016,CHI,MIL,W (+18),1,37:00,9,23,.391,0,0,,12,13,.923,2,7,9,2,2,1,5,3,30
58,1991-03-08,28-019,CHI,UTA,W (+10),1,39:00,14,29,.483,0,0,,9,10,.900,1,4,5,2,3,0,1,3,37
59,1991-03-10,28-021,CHI,ATL,W (+35),1,30:00,10,13,.769,1,1,1.000,4,4,1.000,2,7,9,9,1,1,6,4,25
60,1991-03-12,28-023,CHI,MIN,W (+32),1,29:00,7,15,.467,1,5,.200,5,5,1.000,2,3,5,10,1,0,1,2,20
61,1991-03-13,28-024,CHI,MIL,W (+1),1,41:00,15,26,.577,0,1,.000,9,14,.643,1,7,8,4,3,2,1,4,39
62,1991-03-15,28-026,CHI,CHH,W (+13),1,40:00,12,21,.571,0,1,.000,10,12,.833,1,4,5,8,2,1,4,3,34
63,1991-03-16,28-027,CHI,CLE,W (+4),1,38:00,14,25,.560,0,2,.000,9,10,.900,0,3,3,3,5,0,2,3,37
64,1991-03-18,28-029,CHI,DEN,W (+13),1,29:00,11,19,.579,2,3,.667,7,7,1.000,0,6,6,2,0,1,3,2,31
65,1991-03-20,28-031,CHI,ATL,W (+22),1,30:00,9,14,.643,2,2,1.000,2,3,.667,0,5,5,11,0,1,3,3,22
66,1991-03-22,28-033,CHI,PHI,L (-5),1,40:00,8,23,.348,0,2,.000,4,5,.800,1,4,5,5,2,1,4,5,20
67,1991-03-23,28-034,CHI,IND,W (+14),1,40:00,15,25,.600,0,1,.000,9,9,1.000,0,2,2,5,3,2,2,4,39
68,1991-03-25,28-036,CHI,HOU,L (-10),1,37:00,15,25,.600,0,2,.000,4,7,.571,5,2,7,4,3,3,0,3,34
69,1991-03-28,28-039,CHI,NJN,W (+34),1,30:00,16,26,.615,0,0,,10,11,.909,1,0,1,4,0,2,3,4,42
70,1991-03-29,28-040,CHI,WSB,W (+18),1,35:00,7,17,.412,1,2,.500,5,5,1.000,0,5,5,5,2,1,1,2,20
71,1991-03-31,28-042,CHI,BOS,L (-3),1,51:00,12,36,.333,0,3,.000,13,13,1.000,3,4,7,9,2,0,4,3,37
72,1991-04-02,28-044,CHI,ORL,W (+4),1,41:00,17,26,.654,0,0,,10,12,.833,0,4,4,6,5,2,4,2,44
73,1991-04-04,28-046,CHI,NYK,W (+10),1,35:00,15,30,.500,0,1,.000,4,5,.800,2,6,8,4,3,0,2,1,34
74,1991-04-05,28-047,CHI,SAS,L (-3),1,36:00,13,26,.500,1,4,.250,12,14,.857,0,5,5,9,5,2,5,4,39
75,1991-04-07,28-049,CHI,PHI,L (-3),1,48:00,16,27,.593,0,0,,9,14,.643,1,3,4,5,4,2,0,2,41
76,1991-04-09,28-051,CHI,NYK,W (+2),1,37:00,10,18,.556,1,3,.333,7,8,.875,0,6,6,8,1,0,0,0,28
77,1991-04-10,28-052,CHI,IND,W (+5),1,41:00,12,21,.571,0,0,,4,6,.667,0,5,5,4,0,1,2,3,28
78,1991-04-12,28-054,CHI,DET,L (-4),1,43:00,13,24,.542,1,2,.500,13,15,.867,3,5,8,4,0,1,3,5,40
79,1991-04-15,28-057,CHI,MIL,W (+9),1,39:00,17,27,.630,0,1,.000,12,14,.857,0,5,5,2,3,2,5,3,46
80,1991-04-17,28-059,CHI,MIA,W (+10),1,40:00,9,20,.450,0,2,.000,8,9,.889,2,3,5,5,3,0,2,2,26
81,1991-04-19,28-061,CHI,CHH,W (+16),1,39:00,15,22,.682,0,1,.000,11,13,.846,3,2,5,5,4,2,4,5,41
82,1991-04-21,28-063,CHI,DET,W (+8),1,30:00,6,15,.400,0,2,.000,6,6,1.000,2,1,3,1,2,0,2,2,18
1,1991-11-01,28-257,CHI,PHI,W (+20),1,30:00,11,18,.611,0,3,.000,4,6,.667,1,4,5,4,3,1,2,2,26
2,1991-11-02,28-258,CHI,MIL,L (-2),1,42:00,19,29,.655,1,2,.500,7,7,1.000,0,3,3,3,5,1,4,1,46
3,1991-11-05,28-261,CHI,GSW,L (-8),1,46:00,17,22,.773,1,2,.500,5,8,.625,2,5,7,4,1,1,5,5,40
4,1991-11-06,28-262,CHI,BOS,W (+19),1,38:00,16,26,.615,3,4,.750,9,9,1.000,0,3,3,6,1,1,2,2,44
5,1991-11-08,28-264,CHI,DAL,W (+16),1,36:00,10,15,.667,0,0,,6,8,.750,1,6,7,5,4,0,0,1,26
6,1991-11-09,28-265,CHI,ORL,W (+31),1,35:00,13,26,.500,0,3,.000,1,1,1.000,2,3,5,9,3,1,1,2,27
7,1991-11-12,28-268,CHI,DET,W (+17),1,29:00,8,14,.571,0,1,.000,4,5,.800,0,3,3,4,3,0,0,4,20
8,1991-11-13,28-269,CHI,CHH,W (+22),1,33:00,11,19,.579,1,3,.333,12,12,1.000,1,5,6,5,3,3,2,1,35
9,1991-11-15,28-271,CHI,MIL,W (+13),1,37:00,5,10,.500,0,0,,7,8,.875,2,5,7,11,1,0,3,2,17
10,1991-11-20,28-276,CHI,GSW,W (+4),1,45:00,12,25,.480,0,0,,11,13,.846,1,8,9,7,3,1,3,3,35
11,1991-11-22,28-278,CHI,SEA,W (+3),1,45:00,11,26,.423,0,1,.000,9,10,.900,1,5,6,4,2,0,1,6,31
12,1991-11-23,28-279,CHI,DEN,W (+7),1,41:00,15,28,.536,0,1,.000,7,7,1.000,0,6,6,3,0,1,2,5,37
13,1991-11-26,28-282,CHI,LAC,W (+37),1,33:00,11,19,.579,0,2,.000,1,2,.500,1,9,10,5,1,0,6,3,23
14,1991-11-29,28-285,CHI,POR,W (+2),1,51:00,16,39,.410,0,1,.000,8,10,.800,3,5,8,7,3,1,3,4,40
15,1991-11-30,28-286,CHI,SAC,W (+16),1,39:00,13,21,.619,0,2,.000,4,9,.444,0,6,6,8,0,1,2,4,30
16,1991-12-04,28-290,CHI,CLE,W (+6),1,41:00,7,20,.350,0,1,.000,2,2,1.000,1,8,9,9,3,0,7,4,16
17,1991-12-06,28-292,CHI,CHH,W (+18),1,34:00,8,19,.421,1,2,.500,2,4,.500,1,10,11,10,1,0,1,3,19
18,1991-12-07,28-293,CHI,PHI,L (-3),1,41:00,12,25,.480,0,1,.000,8,10,.800,3,11,14,9,3,1,4,2,32
19,1991-12-10,28-296,CHI,SEA,W (+5),1,39:00,7,20,.350,0,1,.000,5,8,.625,3,8,11,1,0,1,1,3,19
20,1991-12-13,28-299,CHI,NYK,W (+10),1,43:00,9,18,.500,0,2,.000,9,12,.750,1,7,8,6,4,0,3,2,27
21,1991-12-14,28-300,CHI,WSB,W (+13),1,33:00,12,19,.632,0,1,.000,5,8,.625,3,6,9,1,2,3,1,3,29
22,1991-12-17,28-303,CHI,LAL,L (-13),1,38:00,6,20,.300,0,3,.000,9,10,.900,0,4,4,7,3,3,0,3,21
23,1991-12-20,28-306,CHI,NJN,W (+17),1,30:00,8,18,.444,0,0,,8,8,1.000,1,4,5,4,1,2,0,0,24
24,1991-12-21,28-307,CHI,ATL,W (+14),1,43:00,16,24,.667,2,2,1.000,3,3,1.000,1,8,9,10,4,1,3,2,37
25,1991-12-25,28-311,CHI,BOS,W (+22),1,35:00,6,14,.429,0,1,.000,2,2,1.000,1,7,8,5,2,3,2,2,14
26,1991-12-26,28-312,CHI,ATL,W (+11),1,44:00,15,31,.484,1,2,.500,3,4,.750,1,2,3,6,2,3,4,1,34
27,1991-12-28,28-314,CHI,SAC,W (+9),1,36:00,11,20,.550,0,1,.000,11,12,.917,0,2,2,8,3,3,6,5,33
28,1991-12-30,28-316,CHI,IND,W (+5),1,44:00,10,19,.526,0,1,.000,9,11,.818,2,4,6,7,3,2,4,4,29
29,1992-01-03,28-320,CHI,MIL,L (-5),1,40:00,19,29,.655,0,2,.000,6,8,.750,2,4,6,7,1,0,1,4,44
30,1992-01-04,28-321,CHI,NJN,W (+44),1,32:00,12,20,.600,0,0,,3,4,.750,2,3,5,1,1,2,0,1,27
31,1992-01-07,28-324,CHI,WSB,W (+13),1,37:00,7,15,.467,1,1,1.000,6,6,1.000,0,5,5,9,4,1,3,3,21
32,1992-01-08,28-325,CHI,MIA,W (+2),1,47:00,17,27,.630,0,0,,6,9,.667,0,6,6,8,1,2,4,3,40
33,1992-01-10,28-327,CHI,UTA,W (+15),1,37:00,15,25,.600,1,2,.500,6,6,1.000,1,4,5,4,1,1,2,3,37
34,1992-01-11,28-328,CHI,MIA,W (+9),1,39:00,10,19,.526,0,0,,10,10,1.000,0,6,6,7,1,1,1,4,30
35,1992-01-14,28-331,CHI,PHI,W (+23),1,33:00,11,20,.550,0,1,.000,4,4,1.000,0,5,5,4,5,2,2,0,26
36,1992-01-16,28-333,CHI,CLE,W (+15),1,39:00,15,26,.577,0,2,.000,5,6,.833,0,4,4,8,2,1,2,4,35
37,1992-01-17,28-334,CHI,SAS,W (+6),1,38:00,10,23,.435,1,1,1.000,10,10,1.000,0,4,4,8,1,0,1,3,31
38,1992-01-19,28-336,CHI,DET,W (+2),1,45:00,12,27,.444,0,2,.000,10,14,.714,0,6,6,6,2,0,3,3,34
39,1992-01-21,28-338,CHI,PHO,W (+6),1,41:00,13,23,.565,0,0,,4,5,.800,2,3,5,7,5,1,4,3,30
40,1992-01-22,28-339,CHI,CHH,W (+3),1,43:00,7,18,.389,1,2,.500,8,8,1.000,2,4,6,4,2,2,5,2,23
41,1992-01-24,28-341,CHI,DET,W (+24),1,30:00,9,14,.643,0,0,,2,2,1.000,1,1,2,5,0,2,2,0,20
42,1992-01-25,28-342,CHI,HOU,W (+14),1,41:00,12,27,.444,3,3,1.000,8,10,.800,0,3,3,5,4,1,4,2,35
43,1992-01-28,28-345,CHI,SAS,L (-5),1,44:00,15,31,.484,0,1,.000,9,11,.818,0,9,9,7,4,0,3,3,39
44,1992-01-30,28-347,CHI,HOU,L (-3),1,43:00,9,26,.346,0,1,.000,4,4,1.000,2,3,5,5,3,0,1,3,22
45,1992-01-31,28-348,CHI,DAL,W (+15),1,37:00,10,17,.588,0,1,.000,5,6,.833,2,8,10,9,1,0,1,3,25
46,1992-02-02,28-350,CHI,LAL,W (+6),1,44:00,13,27,.481,1,1,1.000,6,8,.750,0,8,8,11,2,0,5,4,33
47,1992-02-03,28-351,CHI,UTA,L (-3),1,56:00,13,34,.382,1,1,1.000,7,9,.778,2,11,13,8,2,1,2,5,34
48,1992-02-11,28-359,CHI,NJN,W (+20),1,34:00,13,23,.565,0,0,,8,9,.889,1,5,6,7,4,2,3,2,34
49,1992-02-13,28-361,CHI,NYK,W (+21),1,35:00,4,15,.267,0,0,,9,11,.818,0,2,2,5,1,0,1,1,17
50,1992-02-15,28-363,CHI,NYK,W (+1),1,42:00,9,24,.375,0,0,,11,12,.917,1,4,5,2,2,2,3,3,29
51,1992-02-17,29-000,CHI,CLE,L (-1),1,43:00,21,32,.656,0,1,.000,4,5,.800,1,3,4,6,0,0,3,1,46
52,1992-02-19,29-002,CHI,ORL,W (+13),1,38:00,11,23,.478,0,1,.000,5,7,.714,5,5,10,8,2,0,3,1,27
53,1992-02-21,29-004,CHI,ATL,W (+15),1,46:00,14,23,.609,0,0,,5,6,.833,1,9,10,14,4,0,4,2,33
54,1992-02-22,29-005,CHI,MIN,W (+15),1,35:00,13,27,.481,0,3,.000,4,6,.667,2,4,6,8,1,2,1,2,30
55,1992-02-25,29-008,CHI,DET,L (-2),1,42:00,11,22,.500,0,0,,1,3,.333,1,3,4,6,4,1,1,2,23
56,1992-02-26,29-009,CHI,WSB,W (+19),1,27:00,10,17,.588,1,3,.333,5,6,.833,2,2,4,1,2,0,0,0,26
57,1992-02-28,29-011,CHI,MIL,W (+4),1,41:00,8,18,.444,0,0,,8,10,.800,1,5,6,6,2,2,2,2,24
58,1992-03-01,29-013,CHI,POR,W (+20),1,36:00,10,23,.435,0,2,.000,11,12,.917,0,9,9,7,3,0,5,3,31
59,1992-03-03,29-015,CHI,IND,L (-2),1,39:00,12,21,.571,0,0,,3,5,.600,2,5,7,5,0,1,2,3,27
60,1992-03-05,29-017,CHI,MIN,W (+13),1,39:00,14,26,.538,0,0,,5,5,1.000,1,4,5,5,1,1,1,3,33
61,1992-03-06,29-018,CHI,MIA,W (+42),1,28:00,12,20,.600,0,1,.000,3,3,1.000,0,6,6,2,2,1,2,2,27
62,1992-03-08,29-020,CHI,PHI,W (+4),1,43:00,12,26,.462,0,1,.000,10,13,.769,3,8,11,8,1,0,1,3,34
63,1992-03-11,29-023,CHI,BOS,W (+34),1,35:00,14,23,.609,0,0,,4,4,1.000,0,13,13,3,0,2,4,2,32
64,1992-03-14,29-026,CHI,ORL,W (+16),1,38:00,11,22,.500,0,1,.000,4,4,1.000,1,9,10,9,5,0,3,1,26
65,1992-03-16,29-028,CHI,MIA,W (+16),1,39:00,15,27,.556,0,2,.000,7,7,1.000,2,7,9,13,0,1,3,1,37
66,1992-03-17,29-029,CHI,NJN,W (+11),1,45:00,16,32,.500,0,0,,8,12,.667,4,6,10,4,2,2,1,3,40
67,1992-03-19,29-031,CHI,WSB,W (+6),1,43:00,19,30,.633,1,1,1.000,12,15,.800,2,9,11,3,1,1,0,3,51
68,1992-03-21,29-033,CHI,ORL,L (-3),1,38:00,10,22,.455,0,0,,5,7,.714,6,9,15,4,2,1,3,1,25
69,1992-03-24,29-036,CHI,DEN,W (+13),1,41:00,18,31,.581,2,3,.667,12,13,.923,0,6,6,6,3,0,3,0,50
70,1992-03-28,29-040,CHI,CLE,W (+24),1,37:00,21,32,.656,0,1,.000,2,2,1.000,0,4,4,6,3,0,1,2,44
71,1992-03-31,29-043,CHI,NYK,W (+6),1,40:00,13,23,.565,0,1,.000,10,12,.833,3,1,4,3,3,1,3,1,36
72,1992-04-01,29-044,CHI,CHH,W (+6),1,39:00,11,22,.500,1,3,.333,8,10,.800,1,1,2,5,3,0,2,2,31
73,1992-04-03,29-046,CHI,LAC,W (+11),1,42:00,5,17,.294,0,2,.000,5,6,.833,0,6,6,7,2,0,5,4,15
74,1992-04-05,29-048,CHI,BOS,L (-11),1,40:00,12,28,.429,0,3,.000,2,2,1.000,0,2,2,2,3,0,3,4,26
75,1992-04-07,29-050,CHI,MIL,W (+15),1,37:00,12,22,.545,2,5,.400,4,4,1.000,0,5,5,7,6,1,3,3,30
76,1992-04-10,29-053,CHI,IND,W (+12),1,42:00,16,30,.533,1,1,1.000,2,4,.500,0,4,4,6,4,0,1,3,35
77,1992-04-11,29-054,CHI,IND,W (+2),1,37:00,8,20,.400,0,0,,7,7,1.000,1,4,5,8,5,1,1,2,23
78,1992-04-13,29-056,CHI,ATL,W (+7),1,23:00,6,12,.500,0,1,.000,0,0,,0,1,1,7,3,1,2,1,12
79,1992-04-17,29-060,CHI,ATL,W (+26),1,32:00,9,16,.563,0,0,,3,4,.750,1,3,4,8,0,0,5,4,21
80,1992-04-19,29-062,CHI,DET,W (+18),1,39:00,9,17,.529,0,0,,14,15,.933,0,2,2,7,2,1,7,2,32
1,1992-11-06,29-263,CHI,CLE,W (+5),1,37:00,12,26,.462,0,2,.000,5,6,.833,3,3,6,2,3,3,2,1,29
2,1992-11-07,29-264,CHI,ATL,L (-1),1,39:00,13,29,.448,1,4,.250,8,9,.889,0,4,4,11,4,0,6,4,35
3,1992-11-09,29-266,CHI,IND,W (+5),1,42:00,10,20,.500,0,1,.000,4,5,.800,0,2,2,12,2,0,4,1,24
4,1992-11-11,29-268,CHI,DET,W (+2),1,52:00,13,24,.542,3,3,1.000,8,10,.800,2,8,10,4,0,1,5,1,37
5,1992-11-13,29-270,CHI,MIL,W (+5),1,42:00,14,31,.452,0,2,.000,6,8,.750,3,3,6,4,3,2,5,2,34
6,1992-11-14,29-271,CHI,DEN,W (+33),1,22:00,7,13,.538,2,5,.400,2,2,1.000,0,4,4,7,3,1,2,1,18
7,1992-11-17,29-274,CHI,MIN,W (+21),1,31:00,14,21,.667,2,2,1.000,2,3,.667,1,2,3,5,4,1,3,1,32
8,1992-11-19,29-276,CHI,SEA,W (+9),1,34:00,14,22,.636,2,4,.500,5,5,1.000,1,5,6,2,2,0,2,1,35
9,1992-11-20,29-277,CHI,LAL,L (-2),1,47:00,21,39,.538,1,2,.500,11,14,.786,5,8,13,7,1,3,5,4,54
10,1992-11-22,29-279,CHI,PHO,W (+17),1,39:00,16,27,.593,0,2,.000,8,8,1.000,0,3,3,7,3,4,1,1,40
11,1992-11-24,29-281,CHI,GSW,W (+9),1,44:00,18,30,.600,1,3,.333,12,14,.857,2,3,5,7,1,1,3,2,49
12,1992-11-28,29-285,CHI,NYK,L (-37),1,38:00,4,20,.200,0,1,.000,9,9,1.000,3,3,6,4,1,0,0,2,17
13,1992-12-04,29-291,CHI,POR,W (+12),1,38:00,15,25,.600,1,1,1.000,7,9,.778,4,9,13,2,1,0,1,1,38
14,1992-12-05,29-292,CHI,BOS,W (+7),1,37:00,8,20,.400,0,1,.000,8,9,.889,0,3,3,5,2,0,2,2,24
15,1992-12-08,29-295,CHI,ATL,L (-9),1,46:00,14,28,.500,2,4,.500,2,2,1.000,3,9,12,8,1,0,2,5,32
16,1992-12-09,29-296,CHI,CLE,W (+17),1,35:00,10,22,.455,1,3,.333,7,7,1.000,2,9,11,10,4,2,3,2,28
17,1992-12-11,29-298,CHI,HOU,L (-14),1,40:00,11,23,.478,1,3,.333,3,3,1.000,4,7,11,4,0,1,4,4,26
18,1992-12-12,29-299,CHI,NJN,W (+6),1,41:00,13,26,.500,3,6,.500,9,12,.750,0,6,6,3,1,1,2,2,38
19,1992-12-15,29-302,CHI,CHH,W (+15),1,33:00,11,21,.524,3,3,1.000,0,0,,1,3,4,6,3,2,5,1,25
20,1992-12-17,29-304,CHI,WSB,W (+8),1,40:00,12,29,.414,0,1,.000,4,4,1.000,1,6,7,8,4,2,1,3,28
21,1992-12-19,29-306,CHI,PHI,L (-2),1,42:00,11,26,.423,1,4,.250,0,0,,4,6,10,10,4,1,1,4,23
22,1992-12-21,29-308,CHI,MIA,W (+4),1,43:00,6,19,.316,1,3,.333,5,6,.833,3,5,8,3,5,2,2,2,18
23,1992-12-23,29-310,CHI,WSB,W (+9),1,42:00,22,37,.595,6,8,.750,7,8,.875,0,2,2,10,3,1,1,3,57
24,1992-12-25,29-312,CHI,NYK,W (+12),1,41:00,15,34,.441,0,4,.000,12,16,.750,0,8,8,5,3,1,4,2,42
25,1992-12-26,29-313,CHI,IND,W (+11),1,40:00,8,22,.364,1,3,.333,0,0,,3,6,9,8,1,0,2,5,17
26,1992-12-29,29-316,CHI,CHH,W (+11),1,42:00,9,25,.360,1,3,.333,9,10,.900,4,8,12,11,0,1,3,1,28
27,1992-12-30,29-317,CHI,MIA,W (+5),1,40:00,9,18,.500,0,1,.000,21,24,.875,1,5,6,8,3,2,1,2,39
28,1993-01-02,29-320,CHI,IND,W (+9),1,40:00,14,27,.519,2,4,.500,9,11,.818,3,5,8,5,1,0,2,3,39
29,1993-01-05,29-323,CHI,LAL,L (-3),1,41:00,15,31,.484,1,6,.167,5,6,.833,0,4,4,5,2,1,1,4,36
30,1993-01-06,29-324,CHI,CLE,L (-22),1,34:00,10,22,.455,0,1,.000,3,5,.600,2,6,8,3,1,0,2,1,23
31,1993-01-08,29-326,CHI,MIL,W (+25),1,35:00,15,26,.577,2,5,.400,3,3,1.000,3,5,8,7,4,0,2,2,35
32,1993-01-09,29-327,CHI,PHI,L (-13),1,44:00,13,36,.361,0,4,.000,4,4,1.000,2,9,11,6,2,0,3,5,30
33,1993-01-12,29-330,CHI,ORL,W (+16),1,37:00,9,22,.409,0,1,.000,5,6,.833,2,6,8,4,3,3,3,0,23
34,1993-01-15,29-333,CHI,GSW,W (+21),1,38:00,10,19,.526,1,2,.500,5,5,1.000,2,10,12,10,5,2,2,1,26
35,1993-01-16,29-334,CHI,ORL,L (-4),1,47:00,27,49,.551,1,5,.200,9,11,.818,4,2,6,1,5,0,2,5,64
36,1993-01-18,29-336,CHI,BOS,W (+10),1,30:00,10,22,.455,0,1,.000,9,10,.900,4,4,8,3,4,1,2,1,29
37,1993-01-21,29-339,CHI,NJN,W (+13),1,39:00,12,24,.500,2,4,.500,4,4,1.000,1,2,3,4,4,0,3,2,30
38,1993-01-22,29-340,CHI,CHH,L (-8),1,43:00,10,26,.385,0,2,.000,8,11,.727,2,4,6,2,3,1,1,4,28
39,1993-01-24,29-342,CHI,SAS,L (-4),1,44:00,16,35,.457,0,2,.000,10,11,.909,5,6,11,3,4,2,4,3,42
40,1993-01-26,29-344,CHI,DAL,W (+35),1,27:00,7,15,.467,1,4,.250,0,0,,2,8,10,4,3,0,3,3,15
41,1993-01-28,29-346,CHI,HOU,L (-11),1,39:00,12,27,.444,1,1,1.000,1,2,.500,0,6,6,4,5,0,3,2,26
42,1993-01-30,29-348,CHI,DEN,L (-7),1,41:00,14,31,.452,0,2,.000,11,15,.733,3,4,7,5,4,1,3,2,39
43,1993-02-01,29-350,CHI,UTA,W (+4),1,43:00,13,28,.464,1,3,.333,10,14,.714,3,4,7,2,1,1,4,0,37
44,1993-02-03,29-352,CHI,SAC,W (+19),1,39:00,14,26,.538,2,2,1.000,6,7,.857,0,3,3,2,2,2,3,5,36
45,1993-02-04,29-353,CHI,LAC,W (+2),1,47:00,13,34,.382,0,3,.000,7,7,1.000,2,4,6,4,2,1,3,5,33
46,1993-02-07,29-356,CHI,POR,W (+10),1,43:00,13,28,.464,4,7,.571,4,6,.667,3,8,11,5,2,2,1,1,34
47,1993-02-10,29-359,CHI,IND,W (+11),1,42:00,16,27,.593,1,3,.333,7,9,.778,1,8,9,8,6,0,3,2,40
48,1993-02-13,29-362,CHI,CLE,L (-5),1,43:00,12,22,.545,0,3,.000,1,2,.500,1,5,6,5,3,1,3,2,25
49,1993-02-15,29-364,CHI,SAC,W (+18),1,37:00,12,21,.571,0,2,.000,8,10,.800,3,5,8,6,3,1,3,3,32
50,1993-02-17,30-000,CHI,UTA,W (+18),1,34:00,10,25,.400,2,6,.333,5,7,.714,4,4,8,6,3,0,3,2,27
51,1993-02-23,30-006,CHI,MIL,W (+4),1,41:00,15,26,.577,0,1,.000,4,6,.667,1,2,3,4,3,1,2,3,34
52,1993-02-25,30-008,CHI,ORL,W (+2),1,41:00,13,29,.448,1,3,.333,9,10,.900,0,4,4,4,4,0,2,3,36
53,1993-02-27,30-010,CHI,ATL,W (+20),1,36:00,13,27,.481,3,4,.750,5,5,1.000,2,7,9,8,2,0,2,1,34
54,1993-03-02,30-013,CHI,NJN,W (+7),1,40:00,8,17,.471,1,3,.333,7,9,.778,3,6,9,8,1,0,6,4,24
55,1993-03-09,30-020,CHI,SEA,W (+3),1,41:00,15,28,.536,0,3,.000,8,9,.889,2,2,4,9,6,1,2,3,38
56,1993-03-11,30-022,CHI,MIA,L (-2),1,38:00,11,25,.440,1,2,.500,6,6,1.000,0,5,5,8,0,0,1,5,29
57,1993-03-12,30-023,CHI,CHH,W (+15),1,43:00,21,35,.600,2,4,.500,8,9,.889,3,6,9,5,2,1,0,3,52
58,1993-03-14,30-025,CHI,DET,L (-2),1,43:00,11,25,.440,1,3,.333,5,6,.833,0,5,5,6,1,0,0,1,28
59,1993-03-15,30-026,CHI,LAC,W (+7),1,38:00,10,22,.455,0,1,.000,3,4,.750,3,6,9,4,4,0,7,3,23
60,1993-03-19,30-030,CHI,WSB,W (+5),1,39:00,9,27,.333,0,0,,7,7,1.000,1,2,3,5,2,1,0,4,25
61,1993-03-20,30-031,CHI,WSB,W (+25),1,31:00,16,27,.593,2,2,1.000,13,15,.867,0,8,8,4,2,0,1,2,47
62,1993-03-23,30-034,CHI,MIN,W (+7),1,42:00,12,21,.571,4,6,.667,6,6,1.000,1,4,5,7,5,1,3,1,34
63,1993-03-24,30-035,CHI,PHI,W (+13),1,39:00,20,29,.690,2,4,.500,1,2,.500,0,2,2,4,3,0,5,2,43
64,1993-03-26,30-037,CHI,ORL,W (+21),1,33:00,5,14,.357,0,0,,8,8,1.000,0,7,7,6,2,0,1,1,18
65,1993-03-30,30-041,CHI,PHO,L (-4),1,40:00,19,31,.613,0,6,.000,6,7,.857,0,3,3,5,4,0,3,1,44
66,1993-04-02,30-044,CHI,NJN,W (+13),1,38:00,16,24,.667,0,0,,8,9,.889,1,6,7,7,9,1,5,3,40
67,1993-04-04,30-046,CHI,BOS,W (+12),1,40:00,14,23,.609,1,1,1.000,3,6,.500,1,4,5,2,2,0,4,2,32
68,1993-04-06,30-048,CHI,MIL,L (-4),1,44:00,13,30,.433,1,6,.167,3,4,.750,1,4,5,6,4,0,5,4,30
69,1993-04-09,30-051,CHI,ATL,W (+1),1,44:00,12,23,.522,1,3,.333,5,5,1.000,1,11,12,4,4,2,7,2,30
70,1993-04-10,30-052,CHI,IND,W (+5),1,42:00,11,25,.440,0,1,.000,3,4,.750,2,4,6,5,5,0,3,3,25
71,1993-04-12,30-054,CHI,DET,W (+3),1,41:00,9,21,.429,0,4,.000,5,5,1.000,0,6,6,4,2,0,3,3,23
72,1993-04-14,30-056,CHI,MIA,W (+27),1,31:00,12,19,.632,3,4,.750,7,7,1.000,1,3,4,4,2,0,1,3,34
73,1993-04-16,30-058,CHI,MIL,W (+14),1,35:00,15,25,.600,0,3,.000,17,21,.810,1,6,7,5,5,0,1,1,47
74,1993-04-18,30-060,CHI,CLE,L (-9),1,45:00,13,26,.500,0,3,.000,6,7,.857,1,0,1,9,0,1,3,3,32
75,1993-04-20,30-062,CHI,PHI,W (+29),1,27:00,12,22,.545,3,6,.500,1,1,1.000,1,2,3,4,8,0,1,1,28
76,1993-04-22,30-064,CHI,DET,W (+6),1,46:00,15,27,.556,0,1,.000,6,11,.545,1,6,7,4,4,0,2,4,36
77,1993-04-23,30-065,CHI,CHH,L (-1),1,38:00,15,27,.556,1,2,.500,7,8,.875,1,3,4,3,0,0,2,3,38
78,1993-04-25,30-067,CHI,NYK,L (-5),1,37:00,10,28,.357,0,2,.000,1,3,.333,5,1,6,7,1,1,4,1,21
1,1995-03-19,32-030,CHI,IND,L (-7),1,43:00,7,28,.250,0,4,.000,5,6,.833,2,4,6,6,3,0,3,3,19
2,1995-03-22,32-033,CHI,BOS,W (+17),1,26:00,9,17,.529,1,3,.333,8,8,1.000,0,3,3,3,2,1,0,4,27
3,1995-03-24,32-035,CHI,ORL,L (-7),1,44:00,7,23,.304,0,2,.000,7,11,.636,0,4,4,8,5,2,2,2,21
4,1995-03-25,32-036,CHI,ATL,W (+1),1,43:00,14,26,.538,0,1,.000,4,4,1.000,0,4,4,2,1,0,0,2,32
5,1995-03-28,32-039,CHI,NYK,W (+2),1,39:00,21,37,.568,3,4,.750,10,11,.909,0,4,4,2,1,0,2,3,55
6,1995-03-30,32-041,CHI,BOS,W (+18),1,39:00,8,17,.471,2,2,1.000,5,7,.714,0,11,11,6,0,0,4,2,23
7,1995-04-01,32-043,CHI,PHI,W (+7),1,35:00,5,19,.263,0,1,.000,2,4,.500,1,4,5,6,1,1,3,2,12
8,1995-04-05,32-047,CHI,NJN,W (+7),1,43:00,13,31,.419,1,1,1.000,10,14,.714,3,8,11,2,3,1,2,3,37
9,1995-04-07,32-049,CHI,CLE,W (+9),1,42:00,9,27,.333,1,2,.500,9,10,.900,0,8,8,9,2,1,4,5,28
10,1995-04-09,32-051,CHI,CLE,L (-1),1,46:00,9,26,.346,2,3,.667,1,2,.500,4,5,9,5,1,1,3,2,21
11,1995-04-11,32-053,CHI,IND,W (+7),1,42:00,8,27,.296,1,1,1.000,8,10,.800,2,9,11,6,1,2,1,4,25
12,1995-04-12,32-054,CHI,DET,W (+11),1,44:00,12,23,.522,1,2,.500,4,4,1.000,1,8,9,9,0,0,4,4,29
13,1995-04-16,32-058,CHI,NYK,W (+21),1,37:00,8,19,.421,0,0,,12,14,.857,4,2,6,4,3,1,1,2,28
14,1995-04-17,32-059,CHI,MIA,W (+5),1,40:00,9,21,.429,0,0,,13,16,.813,0,5,5,4,3,0,1,2,31
15,1995-04-20,32-062,CHI,DET,W (+15),1,27:00,8,18,.444,0,0,,1,1,1.000,4,4,8,7,1,2,0,2,17
16,1995-04-22,32-064,CHI,CHH,W (+16),1,33:00,8,16,.500,0,2,.000,3,4,.750,0,2,2,4,0,0,1,1,19
17,1995-04-23,32-065,CHI,MIL,L (-4),1,45:00,11,29,.379,4,4,1.000,7,10,.700,4,7,11,7,3,1,4,4,33
1,1995-11-03,32-259,CHI,CHH,W (+14),1,39:00,16,29,.552,3,7,.429,7,9,.778,1,5,6,7,0,0,1,4,42
2,1995-11-04,32-260,CHI,BOS,W (+22),1,21:00,5,12,.417,0,1,.000,5,7,.714,0,0,0,3,3,1,0,4,15
3,1995-11-07,32-263,CHI,TOR,W (+9),1,40:00,13,19,.684,3,4,.750,9,9,1.000,1,3,4,5,4,0,1,2,38
4,1995-11-09,32-265,CHI,CLE,W (+18),1,37:00,12,24,.500,4,8,.500,1,2,.500,0,5,5,3,0,0,3,3,29
5,1995-11-11,32-267,CHI,POR,W (+4),1,40:00,11,23,.478,0,2,.000,14,15,.933,2,1,3,7,1,1,3,3,36
6,1995-11-14,32-270,CHI,ORL,L (-6),1,40:00,8,20,.400,3,7,.429,4,5,.800,2,5,7,6,2,0,2,4,23
7,1995-11-15,32-271,CHI,CLE,W (+19),1,29:00,7,10,.700,1,2,.500,5,7,.714,1,6,7,2,1,0,1,2,20
8,1995-11-17,32-273,CHI,NJN,W (+15),1,35:00,7,16,.438,0,1,.000,4,4,1.000,1,2,3,3,4,0,5,3,18
9,1995-11-21,32-277,CHI,DAL,W (+6),1,45:00,12,25,.480,0,2,.000,12,13,.923,0,8,8,5,2,2,0,3,36
10,1995-11-22,32-278,CHI,SAS,W (+9),1,43:00,15,27,.556,1,1,1.000,7,8,.875,2,7,9,2,4,0,5,5,38
11,1995-11-24,32-280,CHI,UTA,W (+5),1,40:00,9,21,.429,2,5,.400,14,17,.824,0,8,8,6,1,0,4,3,34
12,1995-11-26,32-282,CHI,SEA,L (-5),1,40:00,6,19,.316,0,4,.000,10,11,.909,2,3,5,4,2,0,4,1,22
13,1995-11-27,32-283,CHI,POR,W (+3),1,41:00,13,22,.591,0,3,.000,7,8,.875,1,2,3,8,4,0,4,3,33
14,1995-11-30,32-286,CHI,VAN,W (+6),1,39:00,14,26,.538,0,2,.000,1,2,.500,1,2,3,4,3,0,2,1,29
15,1995-12-02,32-288,CHI,LAC,W (+6),1,43:00,13,22,.591,0,2,.000,11,14,.786,5,6,11,5,4,1,2,3,37
16,1995-12-06,32-292,CHI,NYK,W (+7),1,45:00,8,27,.296,0,0,,6,6,1.000,0,3,3,8,0,0,0,3,22
17,1995-12-08,32-294,CHI,SAS,W (+19),1,36:00,11,23,.478,0,1,.000,6,6,1.000,1,4,5,6,3,1,1,4,28
18,1995-12-09,32-295,CHI,MIL,W (+12),1,42:00,16,28,.571,0,0,,13,16,.813,3,2,5,4,2,0,2,3,45
19,1995-12-13,32-299,CHI,ORL,W (+9),1,43:00,15,30,.500,4,7,.571,2,6,.333,3,3,6,2,2,1,4,3,36
20,1995-12-14,32-300,CHI,ATL,W (+19),1,31:00,8,16,.500,1,4,.250,5,5,1.000,1,2,3,1,0,0,3,3,22
21,1995-12-16,32-302,CHI,LAL,W (+20),1,38:00,5,20,.250,0,1,.000,10,10,1.000,2,5,7,6,5,1,3,2,20
22,1995-12-18,32-304,CHI,BOS,W (+9),1,40:00,16,27,.593,0,1,.000,5,8,.625,0,6,6,3,5,0,2,2,37
23,1995-12-19,32-305,CHI,DAL,W (+13),1,36:00,12,23,.522,0,1,.000,8,8,1.000,1,3,4,4,1,0,0,1,32
24,1995-12-22,32-308,CHI,TOR,W (+9),1,40:00,9,19,.474,2,3,.667,7,7,1.000,3,7,10,5,3,0,2,1,27
25,1995-12-23,32-309,CHI,UTA,W (+14),1,37:00,12,22,.545,1,2,.500,5,5,1.000,1,6,7,8,3,1,2,2,30
26,1995-12-26,32-312,CHI,IND,L (-6),1,43:00,11,28,.393,1,2,.500,7,9,.778,2,8,10,4,1,2,2,3,30
27,1995-12-29,32-315,CHI,IND,W (+27),1,36:00,8,20,.400,0,2,.000,13,18,.722,3,4,7,3,3,0,4,4,29
28,1995-12-30,32-316,CHI,ATL,W (+2),1,42:00,14,27,.519,1,2,.500,4,6,.667,2,5,7,6,4,1,5,3,33
29,1996-01-03,32-320,CHI,HOU,W (+14),1,40:00,17,29,.586,1,1,1.000,3,4,.750,3,5,8,5,3,0,1,3,38
30,1996-01-04,32-321,CHI,CHH,W (+24),1,34:00,11,20,.550,0,1,.000,5,7,.714,1,4,5,5,1,0,1,1,27
31,1996-01-06,32-323,CHI,MIL,W (+29),1,37:00,10,20,.500,2,4,.500,10,12,.833,1,1,2,3,3,1,0,2,32
32,1996-01-10,32-327,CHI,SEA,W (+26),1,36:00,14,25,.560,1,2,.500,6,7,.857,1,13,14,5,0,1,4,2,35
33,1996-01-13,32-330,CHI,PHI,W (+27),1,34:00,18,28,.643,5,7,.714,7,7,1.000,3,7,10,2,1,1,2,1,48
34,1996-01-15,32-332,CHI,WSB,W (+7),1,39:00,16,31,.516,3,7,.429,11,11,1.000,0,4,4,2,1,0,5,5,46
35,1996-01-16,32-333,CHI,PHI,W (+12),1,32:00,13,22,.591,2,6,.333,4,6,.667,3,4,7,2,3,0,1,1,32
36,1996-01-18,32-335,CHI,TOR,W (+3),1,43:00,14,28,.500,4,8,.500,6,8,.750,4,5,9,2,1,0,1,0,38
37,1996-01-21,32-338,CHI,DET,W (+15),1,43:00,12,23,.522,3,5,.600,9,11,.818,3,5,8,4,2,1,3,1,36
38,1996-01-23,32-340,CHI,NYK,W (+20),1,36:00,13,23,.565,3,4,.750,4,5,.800,1,5,6,4,3,0,2,1,33
39,1996-01-24,32-341,CHI,VAN,W (+20),1,26:00,4,10,.400,0,1,.000,4,6,.667,1,2,3,6,0,0,1,4,12
40,1996-01-26,32-343,CHI,MIA,W (+22),1,35:00,10,21,.476,1,3,.333,4,5,.800,4,5,9,4,3,2,8,4,25
41,1996-01-28,32-345,CHI,PHO,W (+11),1,42:00,13,25,.520,0,2,.000,5,7,.714,3,3,6,6,3,1,2,5,31
42,1996-01-30,32-347,CHI,HOU,W (+11),1,43:00,7,26,.269,1,6,.167,7,8,.875,3,5,8,1,4,0,2,3,22
43,1996-02-01,32-349,CHI,SAC,W (+20),1,38:00,7,16,.438,0,1,.000,13,14,.929,0,2,2,1,2,1,4,4,27
44,1996-02-02,32-350,CHI,LAL,W (+15),1,39:00,8,17,.471,0,0,,1,1,1.000,3,4,7,7,1,0,3,2,17
45,1996-02-04,32-352,CHI,DEN,L (-6),1,42:00,13,29,.448,4,7,.571,9,11,.818,0,3,3,4,3,1,4,1,39
46,1996-02-06,32-354,CHI,PHO,L (-10),1,40:00,9,22,.409,0,2,.000,10,17,.588,2,0,2,6,3,0,3,5,28
47,1996-02-07,32-355,CHI,GSW,W (+4),1,46:00,15,31,.484,0,0,,10,13,.769,6,5,11,6,3,2,2,3,40
48,1996-02-13,32-361,CHI,WSB,W (+13),1,36:00,11,23,.478,2,3,.667,8,10,.800,2,7,9,3,0,0,4,2,32
49,1996-02-15,32-363,CHI,DET,W (+3),1,49:00,10,30,.333,0,1,.000,12,12,1.000,2,6,8,5,3,0,1,2,32
50,1996-02-16,32-364,CHI,MIN,W (+3),1,38:00,13,23,.565,4,4,1.000,5,5,1.000,1,6,7,4,0,1,2,1,35
51,1996-02-18,33-001,CHI,IND,W (+8),1,42:00,16,29,.552,3,4,.750,9,10,.900,4,1,5,7,3,2,3,2,44
52,1996-02-20,33-003,CHI,CLE,W (+26),1,35:00,6,19,.316,0,0,,2,3,.667,3,6,9,6,0,0,0,3,14
53,1996-02-22,33-005,CHI,ATL,W (+5),1,43:00,15,26,.577,2,2,1.000,2,2,1.000,1,2,3,3,0,1,2,0,34
54,1996-02-23,33-006,CHI,MIA,L (-9),1,40:00,9,21,.429,1,4,.250,12,13,.923,3,6,9,5,4,0,3,4,31
55,1996-02-25,33-008,CHI,ORL,W (+20),1,40:00,8,19,.421,1,1,1.000,6,8,.750,2,3,5,7,2,0,1,2,23
56,1996-02-27,33-010,CHI,MIN,W (+21),1,41:00,11,24,.458,2,3,.667,11,12,.917,2,4,6,7,2,0,1,2,35
57,1996-03-01,33-013,CHI,GSW,W (+23),1,35:00,7,17,.412,1,3,.333,2,3,.667,0,3,3,6,6,0,3,1,17
58,1996-03-02,33-014,CHI,BOS,W (+32),1,32:00,8,15,.533,0,2,.000,5,8,.625,3,5,8,8,4,1,1,0,21
59,1996-03-05,33-017,CHI,MIL,W (+9),1,32:00,12,20,.600,4,5,.800,5,6,.833,4,4,8,4,2,0,3,0,33
60,1996-03-07,33-019,CHI,DET,W (+21),1,38:00,21,28,.750,2,4,.500,9,10,.900,2,9,11,2,6,0,4,3,53
61,1996-03-10,33-022,CHI,NYK,L (-32),1,43:00,12,26,.462,2,4,.500,6,7,.857,1,7,8,3,1,1,7,3,32
62,1996-03-13,33-025,CHI,WSB,W (+17),1,36:00,12,25,.480,2,6,.333,11,12,.917,0,6,6,5,1,0,3,2,37
63,1996-03-15,33-027,CHI,DEN,W (+21),1,36:00,14,22,.636,3,5,.600,2,3,.667,0,6,6,3,3,2,3,2,33
64,1996-03-16,33-028,CHI,NJN,W (+4),1,43:00,14,29,.483,2,5,.400,7,7,1.000,2,14,16,5,1,3,0,4,37
65,1996-03-18,33-030,CHI,PHI,W (+4),1,47:00,15,32,.469,0,5,.000,8,10,.800,2,9,11,4,1,0,2,5,38
66,1996-03-19,33-031,CHI,SAC,W (+22),1,35:00,7,16,.438,0,3,.000,6,6,1.000,2,7,9,3,2,0,6,3,20
67,1996-03-21,33-033,CHI,NYK,W (+21),1,37:00,14,24,.583,1,4,.250,7,7,1.000,0,11,11,5,1,0,1,3,36
68,1996-03-24,33-036,CHI,TOR,L (-1),1,39:00,14,22,.636,0,1,.000,8,8,1.000,5,4,9,2,0,2,2,3,36
69,1996-03-28,33-040,CHI,ATL,W (+31),1,30:00,5,12,.417,0,1,.000,3,6,.500,0,5,5,7,1,1,0,3,13
70,1996-03-30,33-042,CHI,LAC,W (+21),1,34:00,6,15,.400,0,1,.000,9,10,.900,4,5,9,6,2,0,1,1,21
71,1996-04-02,33-045,CHI,MIA,W (+18),1,37:00,11,23,.478,2,3,.667,8,8,1.000,1,7,8,3,2,0,1,4,32
72,1996-04-04,33-047,CHI,MIA,W (+8),1,41:00,13,24,.542,1,4,.250,13,16,.813,3,4,7,3,4,2,4,2,40
73,1996-04-05,33-048,CHI,CHH,W (+34),1,28:00,10,16,.625,2,2,1.000,2,3,.667,0,5,5,4,3,0,3,0,24
74,1996-04-07,33-050,CHI,ORL,W (+4),1,44:00,10,30,.333,2,4,.500,5,5,1.000,1,2,3,1,2,0,1,2,27
75,1996-04-08,33-051,CHI,CHH,L (-1),1,42:00,13,27,.481,1,3,.333,13,19,.684,4,7,11,5,1,0,1,2,40
76,1996-04-11,33-054,CHI,NJN,W (+13),1,26:00,8,18,.444,0,1,.000,1,4,.250,3,4,7,3,3,0,3,0,17
77,1996-04-12,33-055,CHI,PHI,W (+30),1,29:00,10,16,.625,2,4,.500,1,1,1.000,2,1,3,0,4,1,2,2,23
78,1996-04-14,33-057,CHI,CLE,W (+26),1,35:00,11,18,.611,4,7,.571,6,6,1.000,3,9,12,3,1,0,3,0,32
79,1996-04-16,33-059,CHI,MIL,W (+6),1,42:00,9,27,.333,1,4,.250,3,4,.750,1,8,9,4,2,1,4,1,22
80,1996-04-18,33-061,CHI,DET,W (+31),1,24:00,11,18,.611,4,5,.800,4,4,1.000,1,4,5,1,1,0,2,1,30
81,1996-04-20,33-063,CHI,IND,L (-1),1,31:00,9,23,.391,2,5,.400,4,5,.800,0,2,2,6,1,1,3,4,24
82,1996-04-21,33-064,CHI,WSB,W (+10),1,24:00,11,22,.500,1,3,.333,3,3,1.000,1,3,4,4,4,0,1,0,26
1,1996-11-01,33-258,CHI,BOS,W (+9),1,43:27,10,22,.455,0,5,.000,10,13,.769,1,3,4,3,0,0,1,2,30
2,1996-11-02,33-259,CHI,PHI,W (+29),1,30:19,11,20,.550,3,7,.429,2,2,1.000,1,1,2,5,4,0,2,2,27
3,1996-11-05,33-262,CHI,VAN,W (+23),1,31:24,9,18,.500,3,5,.600,1,1,1.000,2,5,7,3,4,0,4,2,22
4,1996-11-06,33-263,CHI,MIA,W (+6),1,39:35,18,33,.545,1,2,.500,13,14,.929,1,5,6,0,1,1,0,1,50
5,1996-11-08,33-265,CHI,DET,W (+18),1,35:43,6,14,.429,1,3,.333,2,2,1.000,1,3,4,8,1,0,0,3,15
6,1996-11-09,33-266,CHI,BOS,W (+12),1,31:35,10,23,.435,0,2,.000,7,11,.636,2,1,3,3,1,0,0,2,27
7,1996-11-11,33-268,CHI,PHO,W (+18),1,35:30,12,21,.571,1,1,1.000,1,2,.500,1,1,2,5,1,1,3,1,26
8,1996-11-13,33-270,CHI,MIA,W (+32),1,33:38,8,23,.348,0,1,.000,12,16,.750,1,4,5,3,1,0,0,3,28
9,1996-11-15,33-272,CHI,CHH,W (+23),1,28:43,15,25,.600,4,5,.800,4,4,1.000,0,1,1,2,1,1,1,2,38
10,1996-11-16,33-273,CHI,ATL,W (+28),1,35:09,11,23,.478,0,1,.000,3,4,.750,0,5,5,3,1,0,2,2,25
11,1996-11-20,33-277,CHI,PHO,W (+14),1,35:06,16,29,.552,0,0,,5,6,.833,1,3,4,4,1,1,2,3,37
12,1996-11-21,33-278,CHI,DEN,W (+18),1,33:35,12,23,.522,0,2,.000,7,7,1.000,4,3,7,3,2,1,2,2,31
13,1996-11-23,33-280,CHI,UTA,L (-5),1,39:25,17,32,.531,0,6,.000,10,12,.833,1,5,6,4,2,1,2,3,44
14,1996-11-25,33-282,CHI,LAC,W (+4),1,42:31,14,26,.538,1,3,.333,11,12,.917,1,6,7,2,2,4,2,3,40
15,1996-11-29,33-286,CHI,DAL,W (+19),1,39:48,13,23,.565,4,5,.800,6,6,1.000,0,7,7,4,2,0,2,1,36
16,1996-11-30,33-287,CHI,SAS,W (+9),1,38:30,14,35,.400,2,5,.400,5,5,1.000,0,9,9,3,0,0,1,0,35
17,1996-12-03,33-290,CHI,MIL,W (+3),1,41:13,13,27,.481,0,0,,14,17,.824,2,4,6,6,0,0,3,1,40
18,1996-12-05,33-292,CHI,LAC,W (+18),1,31:25,9,21,.429,0,3,.000,2,3,.667,1,3,4,6,2,0,1,3,20
19,1996-12-07,33-294,CHI,MIA,L (-3),1,41:56,16,30,.533,0,3,.000,5,6,.833,1,8,9,3,0,0,0,1,37
20,1996-12-08,33-295,CHI,TOR,L (-8),1,40:42,5,17,.294,1,4,.250,2,2,1.000,0,9,9,8,2,2,3,1,13
21,1996-12-11,33-298,CHI,MIN,W (+17),1,36:12,10,16,.625,1,1,1.000,6,6,1.000,0,7,7,3,3,0,1,0,27
22,1996-12-13,33-300,CHI,NJN,W (+21),1,33:59,9,19,.474,3,5,.600,11,12,.917,0,6,6,6,4,0,1,2,32
23,1996-12-14,33-301,CHI,CHH,W (+5),1,41:00,10,26,.385,0,3,.000,9,12,.750,2,7,9,5,5,0,1,0,29
24,1996-12-17,33-304,CHI,LAL,W (+6),1,47:08,10,32,.313,0,2,.000,10,14,.714,5,4,9,3,1,1,2,2,30
25,1996-12-19,33-306,CHI,CHH,W (+21),1,35:58,13,27,.481,3,8,.375,6,7,.857,5,3,8,1,1,1,2,0,35
26,1996-12-21,33-308,CHI,PHI,W (+6),1,43:52,12,29,.414,1,3,.333,6,8,.750,0,1,1,3,1,1,1,4,31
27,1996-12-23,33-310,CHI,NJN,W (+32),1,33:03,10,18,.556,0,1,.000,4,4,1.000,2,1,3,4,0,0,3,1,24
28,1996-12-25,33-312,CHI,DET,W (+12),1,46:14,9,21,.429,0,4,.000,5,7,.714,6,4,10,2,1,0,4,3,23
29,1996-12-26,33-313,CHI,ATL,L (-5),1,39:30,10,25,.400,2,5,.400,12,13,.923,0,3,3,1,2,1,0,2,34
30,1996-12-28,33-315,CHI,CLE,W (+5),1,41:34,13,25,.520,0,1,.000,19,20,.950,2,5,7,5,3,0,4,4,45
31,1996-12-30,33-317,CHI,IND,W (+2),1,39:48,12,29,.414,1,5,.200,3,4,.750,3,4,7,4,1,0,3,1,28
32,1997-01-03,33-321,CHI,ORL,W (+21),1,35:05,10,18,.556,0,2,.000,2,2,1.000,1,3,4,6,2,1,2,2,22
33,1997-01-06,33-324,CHI,UTA,W (+13),1,40:16,8,20,.400,2,3,.667,5,6,.833,3,5,8,3,3,1,1,1,23
34,1997-01-10,33-328,CHI,MIL,W (+15),1,38:11,11,23,.478,3,4,.750,8,13,.615,1,4,5,3,0,0,0,2,33
35,1997-01-11,33-329,CHI,HOU,W (+24),1,38:37,12,25,.480,4,6,.667,4,4,1.000,0,6,6,7,2,0,3,1,32
36,1997-01-14,33-332,CHI,WSB,W (+1),1,39:43,14,27,.519,0,4,.000,11,11,1.000,0,2,2,2,2,0,0,3,39
37,1997-01-15,33-333,CHI,MIN,W (+10),1,34:57,12,22,.545,1,5,.200,0,0,,1,2,3,4,1,1,3,2,25
38,1997-01-17,33-335,CHI,MIL,W (+27),1,36:00,10,15,.667,1,2,.500,3,4,.750,1,6,7,11,2,0,1,2,24
39,1997-01-19,33-337,CHI,HOU,L (-16),1,43:23,8,25,.320,1,6,.167,9,9,1.000,3,11,14,5,1,1,1,0,26
40,1997-01-21,33-339,CHI,NYK,W (+1),1,43:28,18,30,.600,5,8,.625,10,11,.909,1,3,4,4,2,0,2,1,51
41,1997-01-23,33-341,CHI,CLE,W (+16),1,38:58,10,24,.417,1,5,.200,11,12,.917,1,8,9,0,1,0,4,2,32
42,1997-01-25,33-343,CHI,TOR,W (+12),1,30:39,10,16,.625,3,4,.750,1,2,.500,1,2,3,4,2,0,0,1,24
43,1997-01-28,33-346,CHI,VAN,W (+15),1,32:09,12,19,.632,1,3,.333,3,4,.750,1,3,4,3,4,0,2,1,28
44,1997-01-30,33-348,CHI,SAC,W (+18),1,39:42,11,19,.579,1,5,.200,9,10,.900,0,6,6,2,3,0,2,3,32
45,1997-01-31,33-349,CHI,GSW,W (+23),1,32:17,8,17,.471,1,6,.167,1,1,1.000,0,4,4,8,3,0,2,2,18
46,1997-02-02,33-351,CHI,SEA,W (+7),1,44:55,19,28,.679,2,3,.667,5,6,.833,3,4,7,3,1,0,1,2,45
47,1997-02-04,33-353,CHI,POR,W (+4),1,41:12,15,30,.500,1,4,.250,5,5,1.000,1,4,5,2,1,2,0,3,36
48,1997-02-05,33-354,CHI,LAL,L (-16),1,39:26,10,24,.417,2,5,.400,5,6,.833,1,3,4,4,1,1,2,1,27
49,1997-02-11,33-360,CHI,CHH,W (+3),1,41:51,16,24,.667,1,2,.500,10,14,.714,0,5,5,4,3,0,5,2,43
50,1997-02-14,33-363,CHI,ATL,W (+1),1,45:22,13,28,.464,1,2,.500,3,5,.600,3,5,8,4,2,0,4,0,30
51,1997-02-16,33-365,CHI,ORL,W (+21),1,37:51,8,20,.400,3,4,.750,0,0,,1,7,8,10,4,0,2,3,19
52,1997-02-18,34-001,CHI,DEN,W (+11),1,32:16,10,18,.556,1,3,.333,3,4,.750,2,3,5,12,3,0,0,3,24
53,1997-02-21,34-004,CHI,WSB,W (+4),1,45:15,13,28,.464,3,4,.750,7,12,.583,1,3,4,4,1,0,2,2,36
54,1997-02-22,34-005,CHI,GSW,W (+33),1,30:51,13,19,.684,5,8,.625,3,4,.750,1,4,5,1,3,0,2,1,34
55,1997-02-24,34-007,CHI,POR,W (+27),1,30:19,13,27,.481,3,7,.429,8,9,.889,1,3,4,3,0,0,1,1,37
56,1997-02-27,34-010,CHI,CLE,L (-3),1,43:08,7,25,.280,0,3,.000,9,9,1.000,1,7,8,4,0,0,2,2,23
57,1997-02-28,34-011,CHI,SAC,W (+18),1,34:40,13,20,.650,5,7,.714,4,5,.800,1,8,9,6,1,1,2,2,35
58,1997-03-03,34-014,CHI,MIL,W (+18),1,36:00,11,19,.579,3,7,.429,6,6,1.000,0,3,3,6,2,0,2,2,31
59,1997-03-05,34-016,CHI,SAS,W (+42),1,23:31,7,17,.412,1,4,.250,1,2,.500,1,1,2,4,2,0,0,1,16
60,1997-03-07,34-018,CHI,IND,W (+8),1,43:58,11,21,.524,1,3,.333,15,17,.882,1,3,4,5,2,1,4,3,38
61,1997-03-09,34-020,CHI,NYK,L (-4),1,46:06,14,31,.452,0,3,.000,8,9,.889,2,4,6,4,1,0,1,2,36
62,1997-03-11,34-022,CHI,BOS,W (+11),1,43:15,13,23,.565,1,3,.333,5,6,.833,0,4,4,9,3,0,2,2,32
63,1997-03-12,34-023,CHI,PHI,W (+4),1,37:04,9,24,.375,1,4,.250,4,5,.800,0,5,5,3,2,1,4,2,23
64,1997-03-14,34-025,CHI,NJN,L (-1),1,38:51,16,34,.471,1,3,.333,3,5,.600,2,6,8,5,0,1,1,1,36
65,1997-03-15,34-026,CHI,ATL,W (+20),1,28:56,5,11,.455,0,1,.000,0,0,,1,3,4,3,1,2,3,1,10
66,1997-03-18,34-029,CHI,SEA,W (+2),1,50:25,10,28,.357,0,4,.000,12,13,.923,8,10,18,2,0,0,8,3,32
67,1997-03-21,34-032,CHI,IND,W (+19),1,40:24,11,25,.440,1,3,.333,13,14,.929,4,2,6,4,2,1,2,0,36
68,1997-03-22,34-033,CHI,DET,W (+15),1,34:58,8,20,.400,3,6,.500,4,4,1.000,2,3,5,7,2,1,0,3,23
69,1997-03-25,34-036,CHI,DAL,W (+2),1,36:03,9,20,.450,0,1,.000,2,2,1.000,0,1,1,3,3,0,2,3,20
70,1997-03-27,34-038,CHI,TOR,W (+13),1,41:28,5,17,.294,0,0,,2,3,.667,3,7,10,4,0,2,6,2,12
71,1997-03-29,34-040,CHI,NJN,W (+10),1,38:36,9,21,.429,1,2,.500,2,3,.667,2,4,6,10,0,2,0,3,21
72,1997-04-01,34-043,CHI,BOS,W (+5),1,27:13,8,11,.727,0,0,,5,9,.556,0,8,8,2,2,0,2,1,21
73,1997-04-03,34-045,CHI,WSB,L (-8),1,38:39,14,30,.467,1,4,.250,5,6,.833,0,1,1,6,2,1,2,2,34
74,1997-04-04,34-046,CHI,CLE,W (+13),1,38:12,9,16,.563,0,1,.000,4,5,.800,1,4,5,3,1,2,0,2,22
75,1997-04-06,34-048,CHI,ORL,W (+16),1,40:27,13,22,.591,3,6,.500,8,9,.889,2,6,8,5,3,1,4,3,37
76,1997-04-07,34-049,CHI,PHI,W (+26),1,29:42,13,25,.520,3,4,.750,1,2,.500,3,5,8,2,3,2,2,1,30
77,1997-04-09,34-051,CHI,IND,W (+6),1,40:55,8,19,.421,0,3,.000,7,8,.875,0,3,3,2,5,0,6,2,23
78,1997-04-10,34-052,CHI,NYK,W (+2),1,43:57,12,26,.462,1,3,.333,9,10,.900,1,7,8,6,1,1,3,3,34
79,1997-04-13,34-055,CHI,DET,L (-17),1,38:25,7,16,.438,0,3,.000,4,4,1.000,1,8,9,7,0,0,4,1,18
80,1997-04-14,34-056,CHI,TOR,W (+17),1,34:45,12,24,.500,4,7,.571,2,2,1.000,2,9,11,10,3,1,2,2,30
81,1997-04-16,34-058,CHI,MIA,L (-10),1,39:27,11,27,.407,2,5,.400,2,4,.500,1,7,8,3,0,1,3,5,26
82,1997-04-19,34-061,CHI,NYK,L (-2),1,39:29,14,22,.636,1,1,1.000,4,8,.500,0,3,3,3,2,0,4,4,33
1,1997-10-31,34-256,CHI,BOS,L (-7),1,42:02,7,23,.304,0,0,,16,21,.762,1,5,6,4,2,1,3,2,30
2,1997-11-01,34-257,CHI,PHI,W (+20),1,24:19,7,14,.500,0,0,,2,2,1.000,1,6,7,2,2,0,3,3,16
3,1997-11-03,34-259,CHI,SAS,W (+4),1,47:54,12,39,.308,1,4,.250,4,6,.667,4,9,13,4,5,2,3,0,29
4,1997-11-05,34-261,CHI,ORL,W (+13),1,40:40,11,25,.440,0,3,.000,7,9,.778,4,13,17,4,0,0,0,2,29
5,1997-11-07,34-263,CHI,ATL,L (-2),1,39:33,11,25,.440,0,1,.000,5,7,.714,1,8,9,6,1,0,2,1,27
6,1997-11-08,34-264,CHI,NJN,W (+13),1,33:15,5,13,.385,0,1,.000,5,8,.625,1,4,5,2,2,0,2,3,15
7,1997-11-11,34-267,CHI,CLE,L (-21),1,33:42,7,17,.412,0,1,.000,5,7,.714,2,4,6,1,1,0,3,1,19
8,1997-11-12,34-268,CHI,WAS,L (-7),1,40:14,10,28,.357,0,2,.000,8,12,.667,2,5,7,3,4,2,5,1,28
9,1997-11-14,34-270,CHI,CHH,W (+13),1,38:14,12,24,.500,2,2,1.000,2,2,1.000,1,3,4,7,1,1,2,0,28
10,1997-11-15,34-271,CHI,CLE,W (+9),1,38:44,11,26,.423,1,1,1.000,4,7,.571,0,2,2,4,2,0,5,2,27
11,1997-11-20,34-276,CHI,PHO,L (-4),1,40:47,13,27,.481,0,1,.000,4,6,.667,1,5,6,3,1,0,3,0,30
12,1997-11-21,34-277,CHI,LAC,W (+9),1,52:04,18,38,.474,0,2,.000,13,19,.684,2,3,5,5,1,1,4,3,49
13,1997-11-23,34-279,CHI,SAC,W (+15),1,40:39,11,19,.579,0,0,,11,12,.917,1,2,3,5,2,1,2,1,33
14,1997-11-25,34-281,CHI,SEA,L (-1),1,37:49,11,25,.440,0,2,.000,4,6,.667,2,4,6,5,5,0,3,1,26
15,1997-11-28,34-284,CHI,IND,L (-11),1,41:59,11,26,.423,0,2,.000,4,8,.500,1,6,7,2,2,0,1,3,26
16,1997-11-29,34-285,CHI,WAS,W (+5),1,37:16,10,21,.476,1,1,1.000,8,12,.667,0,4,4,3,2,0,2,3,29
17,1997-12-03,34-289,CHI,BOS,W (+10),1,39:33,11,21,.524,1,3,.333,6,8,.750,4,5,9,5,2,1,7,2,29
18,1997-12-05,34-291,CHI,MIL,W (+22),1,35:11,4,16,.250,0,3,.000,5,6,.833,3,6,9,2,1,0,1,3,13
19,1997-12-09,34-295,CHI,NYK,W (+18),1,37:18,10,23,.435,0,0,,9,9,1.000,1,3,4,4,1,0,4,4,29
20,1997-12-10,34-296,CHI,ORL,L (-8),1,36:47,6,17,.353,0,1,.000,13,13,1.000,1,1,2,5,1,0,3,3,25
21,1997-12-12,34-298,CHI,CHH,L (-2),1,40:59,12,24,.500,0,0,,4,6,.667,3,6,9,5,0,0,4,2,28
22,1997-12-13,34-299,CHI,TOR,W (+27),1,26:52,4,16,.250,0,0,,3,4,.750,3,3,6,2,2,0,0,0,11
23,1997-12-15,34-301,CHI,PHO,W (+7),1,36:07,10,23,.435,0,1,.000,11,12,.917,3,6,9,4,4,1,2,2,31
24,1997-12-17,34-303,CHI,LAL,W (+21),1,34:41,12,22,.545,1,2,.500,11,12,.917,2,3,5,4,1,1,4,4,36
25,1997-12-20,34-306,CHI,NJN,W (+8),1,41:40,10,23,.435,0,0,,4,5,.800,3,2,5,3,0,2,2,2,24
26,1997-12-23,34-309,CHI,LAC,W (+5),1,39:30,9,24,.375,0,1,.000,9,12,.750,7,5,12,4,0,1,2,0,27
27,1997-12-25,34-311,CHI,MIA,W (+10),1,37:35,8,20,.400,0,1,.000,8,12,.667,4,7,11,4,2,0,3,0,24
28,1997-12-27,34-313,CHI,ATL,W (+7),1,36:22,18,26,.692,0,0,,11,13,.846,2,2,4,2,3,1,4,2,47
29,1997-12-29,34-315,CHI,DAL,W (+6),1,41:37,16,29,.552,0,1,.000,9,11,.818,1,6,7,0,0,2,2,1,41
30,1997-12-30,34-316,CHI,MIN,L (-4),1,38:44,11,28,.393,1,3,.333,10,13,.769,0,4,4,1,0,0,3,1,33
31,1998-01-02,34-319,CHI,MIL,W (+14),1,42:41,15,22,.682,1,1,1.000,13,15,.867,1,4,5,1,2,0,0,1,44
32,1998-01-03,34-320,CHI,DET,W (+9),1,46:37,12,25,.480,0,1,.000,10,11,.909,0,9,9,9,1,2,4,2,34
33,1998-01-06,34-323,CHI,BOS,W (+11),1,40:39,5,13,.385,0,1,.000,9,12,.750,1,2,3,4,3,0,3,0,19
34,1998-01-07,34-324,CHI,MIA,L (-27),1,36:52,12,27,.444,1,2,.500,1,3,.333,2,2,4,1,1,0,1,0,26
35,1998-01-09,34-326,CHI,NYK,W (+1),1,41:32,17,33,.515,1,4,.250,9,10,.900,1,3,4,2,3,1,1,3,44
36,1998-01-10,34-327,CHI,GSW,W (+5),1,38:33,13,31,.419,0,1,.000,6,10,.600,4,2,6,3,0,0,1,0,32
37,1998-01-13,34-330,CHI,SEA,W (+10),1,37:44,12,27,.444,0,2,.000,16,18,.889,1,0,1,2,0,0,1,5,40
38,1998-01-15,34-332,CHI,PHI,L (-10),1,38:16,9,23,.391,0,1,.000,2,4,.500,2,7,9,4,2,0,4,1,20
39,1998-01-16,34-333,CHI,MIL,W (+10),1,39:56,10,20,.500,1,1,1.000,6,7,.857,0,8,8,2,1,1,3,3,27
40,1998-01-18,34-335,CHI,HOU,W (+6),1,40:55,16,29,.552,2,2,1.000,11,12,.917,0,3,3,3,3,1,4,2,45
41,1998-01-21,34-338,CHI,CHH,W (+31),1,31:00,14,23,.609,1,3,.333,4,4,1.000,1,4,5,6,3,1,1,2,33
42,1998-01-23,34-340,CHI,NJN,W (+2),1,43:53,10,23,.435,0,1,.000,12,13,.923,0,5,5,1,1,1,4,2,32
43,1998-01-25,34-342,CHI,UTA,L (-7),1,43:55,13,26,.500,0,4,.000,6,7,.857,3,2,5,7,2,0,3,4,32
44,1998-01-27,34-344,CHI,VAN,W (+18),1,32:31,7,15,.467,0,0,,6,6,1.000,0,0,0,3,1,1,1,0,20
45,1998-01-29,34-346,CHI,POR,W (+13),1,39:20,11,24,.458,0,1,.000,7,7,1.000,1,4,5,4,1,0,0,1,29
46,1998-01-30,34-347,CHI,GSW,W (+7),1,41:25,2,17,.118,0,0,,10,11,.909,3,5,8,3,3,1,2,0,14
47,1998-02-01,34-349,CHI,LAL,L (-25),1,37:03,11,26,.423,0,1,.000,9,12,.750,0,5,5,2,1,0,1,0,31
48,1998-02-02,34-350,CHI,DEN,W (+39),1,33:07,6,12,.500,0,0,,3,4,.750,1,5,6,3,1,0,0,1,15
49,1998-02-04,34-352,CHI,UTA,L (-8),1,42:38,17,37,.459,1,5,.200,5,6,.833,2,5,7,3,2,1,1,2,40
50,1998-02-10,34-358,CHI,TOR,W (+7),1,34:17,8,21,.381,0,3,.000,2,5,.400,2,3,5,1,2,0,2,1,18
51,1998-02-11,34-359,CHI,CHH,W (+2),1,41:14,11,22,.500,0,0,,7,9,.778,1,3,4,6,0,0,1,2,29
52,1998-02-13,34-361,CHI,ATL,W (+2),1,36:03,14,22,.636,0,1,.000,9,12,.750,3,4,7,1,1,0,2,0,37
53,1998-02-15,34-363,CHI,DET,W (+9),1,40:36,7,17,.412,0,1,.000,7,8,.875,1,11,12,5,3,0,3,3,21
54,1998-02-17,35-000,CHI,IND,W (+8),1,39:34,13,23,.565,0,2,.000,1,3,.333,2,2,4,6,1,1,2,4,27
55,1998-02-19,35-002,CHI,TOR,W (+37),1,28:21,5,9,.556,1,2,.500,5,6,.833,0,4,4,5,0,0,1,2,16
56,1998-02-21,35-004,CHI,WAS,W (+6),1,42:19,8,23,.348,0,0,,3,5,.600,3,5,8,3,1,2,1,3,19
57,1998-02-23,35-006,CHI,CLE,W (+22),1,29:08,7,14,.500,0,1,.000,3,4,.750,2,5,7,6,0,1,2,3,17
58,1998-02-25,35-008,CHI,POR,L (-5),1,42:31,9,26,.346,0,2,.000,15,17,.882,1,3,4,3,4,1,3,2,33
59,1998-02-28,35-011,CHI,SAC,W (+15),1,38:56,10,17,.588,0,1,.000,8,9,.889,1,1,2,2,0,0,2,1,28
60,1998-03-03,35-014,CHI,DEN,W (+28),1,39:31,12,19,.632,0,0,,6,6,1.000,0,7,7,2,2,0,2,1,30
61,1998-03-08,35-019,CHI,NYK,W (+13),1,43:34,17,33,.515,1,2,.500,7,9,.778,3,5,8,6,3,1,2,1,42
62,1998-03-10,35-021,CHI,MIA,W (+15),1,38:55,17,30,.567,1,2,.500,2,2,1.000,0,4,4,4,1,1,1,2,37
63,1998-03-12,35-023,CHI,DAL,L (-7),1,46:54,10,24,.417,1,3,.333,5,11,.455,4,3,7,3,1,1,1,4,26
64,1998-03-14,35-025,CHI,SAS,W (+10),1,41:57,12,22,.545,0,0,,6,7,.857,2,3,5,3,2,1,3,2,30
65,1998-03-16,35-027,CHI,NJN,W (+16),1,33:02,6,15,.400,0,1,.000,5,8,.625,2,5,7,1,1,0,4,1,17
66,1998-03-17,35-028,CHI,IND,W (+6),1,41:37,14,28,.500,1,3,.333,6,9,.667,1,3,4,2,1,0,2,1,35
67,1998-03-20,35-031,CHI,VAN,W (+6),1,39:25,8,13,.615,1,2,.500,7,10,.700,0,4,4,3,0,1,3,1,24
68,1998-03-22,35-033,CHI,TOR,W (+2),1,41:17,13,28,.464,0,2,.000,7,7,1.000,0,4,4,3,5,3,2,3,33
69,1998-03-23,35-034,CHI,BOS,W (+23),1,36:27,11,22,.500,0,1,.000,2,2,1.000,1,6,7,2,2,1,2,1,24
70,1998-03-25,35-036,CHI,ORL,W (+15),1,38:10,8,21,.381,1,3,.333,0,1,.000,2,5,7,8,5,0,0,2,17
71,1998-03-27,35-038,CHI,ATL,W (+15),1,43:00,13,26,.500,0,0,,8,12,.667,1,4,5,4,0,1,2,3,34
72,1998-03-29,35-040,CHI,MIL,W (+17),1,34:48,13,24,.542,0,1,.000,4,5,.800,1,1,2,0,2,0,0,3,30
73,1998-03-31,35-042,CHI,DET,W (+5),1,47:20,11,26,.423,0,2,.000,4,4,1.000,1,2,3,8,4,2,4,5,26
74,1998-04-03,35-045,CHI,MIN,W (+14),1,37:49,16,25,.640,2,6,.333,7,8,.875,3,3,6,4,1,0,0,1,41
75,1998-04-05,35-047,CHI,HOU,W (+15),1,37:16,18,31,.581,0,0,,4,4,1.000,2,2,4,3,3,0,2,3,40
76,1998-04-07,35-049,CHI,WAS,W (+18),1,32:59,11,21,.524,1,2,.500,7,8,.875,1,3,4,3,1,1,2,0,30
77,1998-04-09,35-051,CHI,CLE,L (-6),1,36:42,10,24,.417,0,2,.000,9,12,.750,0,6,6,4,0,0,4,3,29
78,1998-04-11,35-053,CHI,ORL,W (+9),1,35:12,15,25,.600,3,5,.600,4,10,.400,1,3,4,2,4,0,0,2,37
79,1998-04-13,35-055,CHI,IND,L (-9),1,41:19,7,19,.368,1,1,1.000,12,14,.857,0,4,4,3,3,0,4,0,27
80,1998-04-15,35-057,CHI,DET,L (-8),1,43:01,7,25,.280,0,3,.000,5,10,.500,4,2,6,4,1,0,2,4,19
81,1998-04-17,35-059,CHI,PHI,W (+7),1,38:34,9,19,.474,0,2,.000,6,8,.750,1,5,6,2,5,0,4,5,24
82,1998-04-18,35-060,CHI,NYK,W (+2),1,39:52,11,24,.458,0,0,,22,24,.917,0,3,3,3,1,0,1,1,44
1,2001-10-30,38-255,WAS,NYK,L (-2),1,36:42,7,21,.333,0,3,.000,5,6,.833,3,2,5,6,4,0,3,3,19
2,2001-11-01,38-257,WAS,ATL,W (+10),1,40:23,13,30,.433,0,3,.000,5,6,.833,0,6,6,6,2,0,1,2,31
3,2001-11-03,38-259,WAS,PHI,W (+14),1,38:06,7,21,.333,0,0,,6,9,.667,2,4,6,9,2,1,2,1,20
4,2001-11-04,38-260,WAS,DET,L (-22),1,22:29,8,18,.444,0,0,,3,3,1.000,0,8,8,2,1,0,1,1,19
5,2001-11-07,38-263,WAS,BOS,L (-9),1,40:34,12,26,.462,0,1,.000,8,10,.800,2,6,8,2,2,0,5,2,32
6,2001-11-09,38-265,WAS,GSW,L (-9),1,38:17,13,30,.433,0,1,.000,6,8,.750,0,3,3,3,3,0,3,3,32
7,2001-11-11,38-267,WAS,SEA,L (-15),1,38:53,5,26,.192,0,1,.000,6,6,1.000,3,9,12,4,1,2,1,4,16
8,2001-11-14,38-270,WAS,MIL,L (-9),1,40:40,12,24,.500,0,1,.000,7,8,.875,1,3,4,3,2,1,3,3,31
9,2001-11-16,38-272,WAS,UTA,L (-9),1,41:03,17,33,.515,1,2,.500,9,11,.818,3,4,7,3,1,0,0,0,44
10,2001-11-20,38-276,WAS,CHH,L (-7),1,41:03,13,23,.565,1,2,.500,3,4,.750,0,4,4,6,2,0,5,4,30
11,2001-11-22,38-278,WAS,IND,L (-7),1,39:39,8,26,.308,0,1,.000,5,5,1.000,0,5,5,6,2,1,3,1,21
12,2001-11-24,38-280,WAS,BOS,W (+4),1,44:41,7,24,.292,0,1,.000,3,3,1.000,1,10,11,6,1,0,2,3,17
13,2001-11-27,38-283,WAS,CLE,L (-19),1,30:44,9,24,.375,0,0,,0,0,,1,3,4,5,1,0,0,2,18
14,2001-11-28,38-284,WAS,PHI,W (+7),1,38:04,11,27,.407,0,1,.000,8,10,.800,0,6,6,7,5,1,1,2,30
15,2001-11-30,38-286,WAS,MIA,W (+9),1,37:44,10,20,.500,0,1,.000,2,3,.667,1,6,7,5,0,0,2,2,22
16,2001-12-01,38-287,WAS,ORL,L (-9),1,33:25,6,19,.316,0,0,,3,3,1.000,0,7,7,7,0,2,2,4,15
17,2001-12-06,38-292,WAS,HOU,W (+3),1,32:51,9,23,.391,0,0,,0,0,,0,6,6,7,0,0,4,2,18
18,2001-12-08,38-294,WAS,DAL,W (+7),1,35:05,7,21,.333,0,1,.000,7,9,.778,2,10,12,4,4,0,1,3,21
19,2001-12-11,38-297,WAS,MEM,W (+10),1,30:40,8,19,.421,0,1,.000,0,0,,0,6,6,9,0,0,0,2,16
20,2001-12-12,38-298,WAS,MIA,W (+2),1,34:07,9,23,.391,0,1,.000,7,11,.636,0,6,6,7,1,1,1,0,25
21,2001-12-14,38-300,WAS,NYK,W (+16),1,33:35,8,19,.421,0,1,.000,3,3,1.000,0,6,6,6,1,2,5,4,19
22,2001-12-16,38-302,WAS,TOR,W (+5),1,35:37,8,21,.381,0,0,,5,6,.833,2,2,4,3,3,0,4,3,21
23,2001-12-19,38-305,WAS,ATL,W (+27),1,26:49,11,19,.579,0,1,.000,1,1,1.000,1,3,4,6,1,1,2,2,23
24,2001-12-21,38-307,WAS,ORL,W (+18),1,33:33,3,16,.188,0,0,,6,6,1.000,3,3,6,8,1,0,3,1,12
25,2001-12-22,38-308,WAS,NYK,W (+1),1,36:20,11,22,.500,0,0,,4,7,.571,0,1,1,3,1,0,4,2,26
26,2001-12-26,38-312,WAS,CHH,L (-6),1,34:54,11,28,.393,1,2,.500,5,6,.833,1,3,4,7,1,0,3,4,28
27,2001-12-27,38-313,WAS,IND,L (-27),1,25:13,2,10,.200,1,2,.500,1,2,.500,2,2,4,4,0,0,4,1,6
28,2001-12-29,38-315,WAS,CHH,W (+17),1,38:13,21,38,.553,0,2,.000,9,10,.900,2,5,7,4,3,0,4,3,51
29,2001-12-31,38-317,WAS,NJN,W (+22),1,38:28,16,32,.500,1,3,.333,12,13,.923,0,10,10,7,3,0,3,2,45
30,2002-01-04,38-321,WAS,CHI,W (+6),1,37:56,9,24,.375,0,2,.000,11,13,.846,0,7,7,3,2,2,5,4,29
31,2002-01-08,38-325,WAS,LAC,W (+8),1,42:22,9,24,.375,0,0,,0,1,.000,2,8,10,8,1,0,4,1,18
32,2002-01-11,38-328,WAS,MIL,L (-19),1,32:37,10,24,.417,0,0,,2,4,.500,0,3,3,3,1,0,6,2,22
33,2002-01-12,38-329,WAS,MIN,L (-8),1,40:09,14,30,.467,0,0,,7,7,1.000,0,6,6,4,1,1,5,2,35
34,2002-01-15,38-332,WAS,SAS,L (-5),1,40:16,5,21,.238,0,0,,10,16,.625,0,1,1,4,0,1,4,0,20
35,2002-01-16,38-333,WAS,NJN,L (-44),1,18:01,4,14,.286,0,0,,2,2,1.000,0,2,2,1,1,1,1,1,10
36,2002-01-19,38-336,WAS,CHI,W (+8),1,40:41,7,21,.333,0,2,.000,2,6,.333,0,12,12,4,2,2,9,4,16
37,2002-01-21,38-338,WAS,MIN,L (-4),1,39:40,12,34,.353,1,4,.250,4,5,.800,4,10,14,3,0,0,1,1,29
38,2002-01-22,38-339,WAS,PHI,L (-7),1,41:38,14,27,.519,1,2,.500,1,1,1.000,2,6,8,6,2,1,5,4,30
39,2002-01-24,38-341,WAS,CLE,W (+9),1,39:53,18,29,.621,0,0,,4,7,.571,1,7,8,2,2,0,0,2,40
40,2002-01-26,38-343,WAS,PHO,W (+10),1,39:54,17,30,.567,0,0,,7,9,.778,2,2,4,7,2,0,2,2,41
41,2002-01-29,38-346,WAS,DET,L (-3),1,41:27,13,30,.433,0,0,,6,8,.750,0,5,5,7,2,0,3,0,32
42,2002-01-31,38-348,WAS,CLE,W (+1),1,39:35,11,27,.407,0,1,.000,4,4,1.000,1,4,5,8,1,0,4,0,26
43,2002-02-01,38-349,WAS,ATL,W (+7),1,37:52,10,24,.417,0,1,.000,8,10,.800,0,4,4,8,2,2,1,2,28
44,2002-02-03,38-351,WAS,IND,W (+20),1,40:42,11,19,.579,1,1,1.000,0,0,,1,4,5,6,0,0,0,2,23
45,2002-02-05,38-353,WAS,TOR,W (+5),1,39:29,10,21,.476,0,1,.000,3,4,.750,1,6,7,5,0,0,2,3,23
46,2002-02-07,38-355,WAS,SAC,W (+7),1,40:47,12,30,.400,0,1,.000,1,1,1.000,2,4,6,9,1,0,1,2,25
47,2002-02-12,38-360,WAS,LAL,L (-9),1,41:02,8,20,.400,0,0,,6,8,.750,0,5,5,6,2,1,4,1,22
48,2002-02-14,38-362,WAS,SAC,L (-16),1,32:28,6,18,.333,0,0,,4,6,.667,0,1,1,4,1,0,3,0,16
49,2002-02-15,38-363,WAS,PHO,W (+1),1,36:36,7,19,.368,0,0,,8,9,.889,0,6,6,4,2,2,5,2,22
50,2002-02-18,39-001,WAS,HOU,L (-13),1,36:21,5,12,.417,0,1,.000,1,2,.500,1,5,6,11,0,0,2,2,11
51,2002-02-21,39-004,WAS,NJN,L (-11),1,37:29,7,17,.412,0,1,.000,2,2,1.000,0,5,5,6,3,0,4,2,16
52,2002-02-23,39-006,WAS,MIA,L (-2),1,37:40,13,25,.520,1,1,1.000,10,12,.833,1,4,5,7,0,0,4,3,37
53,2002-02-24,39-007,WAS,MIA,L (-12),1,29:35,4,13,.308,1,2,.500,0,1,.000,0,5,5,6,3,0,6,2,9
54,2002-03-20,39-031,WAS,DEN,W (+32),0,16:24,2,9,.222,0,0,,3,3,1.000,0,1,1,2,2,0,2,0,7
55,2002-03-21,39-032,WAS,UTA,L (-15),0,22:00,4,12,.333,0,0,,3,4,.750,0,4,4,4,1,0,1,0,11
56,2002-03-24,39-035,WAS,TOR,L (-1),0,22:39,6,17,.353,0,0,,2,2,1.000,0,3,3,2,2,0,3,4,14
57,2002-03-26,39-037,WAS,DEN,W (+16),0,20:04,4,9,.444,0,1,.000,1,3,.333,1,2,3,6,0,0,1,2,9
58,2002-03-29,39-040,WAS,MIL,W (+9),0,26:09,12,22,.545,0,0,,10,12,.833,0,3,3,1,0,0,0,1,34
59,2002-03-31,39-042,WAS,DAL,L (-7),0,27:41,4,14,.286,0,0,,2,2,1.000,1,2,3,5,1,1,2,1,10
60,2002-04-02,39-044,WAS,LAL,L (-20),0,12:16,1,5,.200,0,0,,0,0,,0,3,3,3,0,0,0,1,2
1,2002-10-30,39-255,WAS,TOR,L (-6),0,24:30,4,14,.286,0,0,,0,2,.000,0,3,3,1,3,0,2,3,8
2,2002-10-31,39-256,WAS,BOS,W (+45),0,21:26,8,15,.533,0,0,,5,5,1.000,0,4,4,5,2,1,0,1,21
3,2002-11-02,39-258,WAS,NJN,L (-8),0,27:25,7,16,.438,1,2,.500,6,8,.750,0,2,2,2,2,0,0,2,21
4,2002-11-05,39-261,WAS,MIN,L (-4),0,28:53,5,14,.357,0,0,,0,0,,0,2,2,1,1,0,1,2,10
5,2002-11-06,39-262,WAS,CLE,W (+7),0,24:16,2,6,.333,0,1,.000,2,3,.667,1,2,3,4,3,0,1,3,6
6,2002-11-08,39-264,WAS,LAL,W (+1),0,29:50,9,14,.643,0,0,,7,12,.583,0,3,3,3,2,0,2,4,25
7,2002-11-09,39-265,WAS,CLE,W (+14),0,31:31,5,11,.455,0,1,.000,2,2,1.000,2,6,8,6,0,2,0,3,12
8,2002-11-12,39-268,WAS,SEA,L (-6),0,30:35,13,22,.591,0,0,,1,2,.500,1,5,6,4,1,1,4,1,27
9,2002-11-14,39-270,WAS,UTA,W (+3),0,33:42,7,17,.412,0,1,.000,5,5,1.000,0,6,6,1,1,0,3,4,19
10,2002-11-16,39-272,WAS,MIA,W (+30),0,18:48,4,5,.800,0,0,,0,0,,0,5,5,2,2,0,1,3,8
11,2002-11-17,39-273,WAS,PHI,L (-16),0,27:49,9,16,.563,1,2,.500,0,0,,0,2,2,3,1,0,5,1,19
12,2002-11-22,39-278,WAS,HOU,L (-7),0,29:28,4,15,.267,0,0,,0,0,,0,2,2,1,0,0,1,2,8
13,2002-11-23,39-279,WAS,MEM,L (-11),0,31:37,9,18,.500,0,0,,2,2,1.000,2,4,6,5,2,0,3,1,20
14,2002-11-26,39-282,WAS,IND,L (-4),0,33:41,10,21,.476,3,3,1.000,5,8,.625,0,1,1,2,3,0,1,2,28
15,2002-11-29,39-285,WAS,IND,L (-16),0,30:20,6,15,.400,0,1,.000,2,2,1.000,0,4,4,1,1,0,1,2,14
16,2002-11-30,39-286,WAS,PHI,L (-1),1,37:07,8,20,.400,0,2,.000,0,0,,1,3,4,2,0,1,2,3,16
17,2002-12-03,39-289,WAS,MIL,W (+25),1,29:44,9,20,.450,0,0,,7,8,.875,0,7,7,4,0,0,1,1,25
18,2002-12-04,39-290,WAS,DET,W (+5),1,38:38,5,14,.357,0,0,,11,16,.688,2,7,9,4,6,2,3,2,21
19,2002-12-06,39-292,WAS,ORL,L (-10),1,38:50,7,21,.333,0,0,,2,2,1.000,1,5,6,0,0,0,3,3,16
20,2002-12-07,39-293,WAS,NYK,W (+3),1,37:04,9,18,.500,0,1,.000,2,4,.500,0,9,9,2,3,0,2,3,20
21,2002-12-10,39-296,WAS,POR,L (-19),1,28:31,6,10,.600,0,0,,2,2,1.000,2,3,5,1,1,1,1,0,14
22,2002-12-13,39-299,WAS,NJN,L (-14),1,40:14,5,20,.250,0,0,,2,2,1.000,0,5,5,4,2,0,4,2,12
23,2002-12-15,39-301,WAS,TOR,W (+13),1,39:32,1,9,.111,0,0,,0,0,,2,6,8,9,2,1,0,2,2
24,2002-12-17,39-303,WAS,ATL,W (+10),1,37:47,12,18,.667,0,0,,6,6,1.000,0,3,3,2,0,0,1,3,30
25,2002-12-18,39-304,WAS,MEM,W (+18),1,35:28,14,23,.609,2,3,.667,3,3,1.000,0,5,5,2,3,0,3,0,33
26,2002-12-21,39-307,WAS,SAS,L (-11),1,41:00,8,20,.400,0,0,,0,0,,0,5,5,3,0,1,2,1,16
27,2002-12-23,39-309,WAS,DAL,L (-6),1,36:05,5,15,.333,1,1,1.000,2,2,1.000,0,7,7,8,0,2,3,3,13
28,2002-12-26,39-312,WAS,DET,L (-5),1,41:13,7,17,.412,0,1,.000,3,4,.750,1,3,4,1,0,2,4,4,17
29,2002-12-28,39-314,WAS,ATL,W (+8),1,34:43,4,10,.400,0,1,.000,2,2,1.000,1,3,4,5,1,1,0,2,10
30,2002-12-30,39-316,WAS,ORL,L (-17),1,38:54,8,17,.471,0,0,,5,5,1.000,0,8,8,9,3,0,4,4,21
31,2002-12-31,39-317,WAS,SAS,W (+2),1,34:55,7,15,.467,1,1,1.000,2,2,1.000,1,6,7,3,1,0,2,1,17
32,2003-01-02,39-319,WAS,CHI,W (+25),1,30:01,4,11,.364,0,2,.000,2,2,1.000,1,4,5,5,2,0,3,1,10
33,2003-01-04,39-321,WAS,IND,W (+3),1,52:48,14,26,.538,3,4,.750,10,12,.833,3,9,12,4,3,0,2,2,41
34,2003-01-06,39-323,WAS,BOS,W (+5),1,39:33,7,18,.389,0,2,.000,5,5,1.000,0,11,11,7,4,0,4,2,19
35,2003-01-08,39-325,WAS,CHI,W (+3),1,33:26,5,13,.385,0,0,,4,5,.800,0,10,10,7,1,0,2,4,14
36,2003-01-10,39-327,WAS,GSW,L (-5),1,40:37,7,17,.412,0,0,,0,0,,0,2,2,5,0,1,0,1,14
37,2003-01-11,39-328,WAS,NYK,W (+5),1,41:26,8,25,.320,0,0,,7,9,.778,5,5,10,3,1,0,2,2,23
38,2003-01-14,39-331,WAS,TOR,L (-9),1,40:40,8,23,.348,0,0,,6,6,1.000,2,3,5,4,3,2,2,1,22
39,2003-01-16,39-333,WAS,ORL,W (+15),1,39:02,12,25,.480,0,1,.000,8,10,.800,1,5,6,8,2,0,1,3,32
40,2003-01-18,39-335,WAS,PHI,L (-8),1,42:13,10,25,.400,0,3,.000,5,6,.833,2,6,8,7,5,1,2,4,25
41,2003-01-20,39-337,WAS,DEN,W (+15),1,41:33,11,22,.500,0,2,.000,3,4,.750,1,4,5,6,1,1,3,3,25
42,2003-01-22,39-339,WAS,NOH,L (-9),1,38:03,9,21,.429,0,0,,0,0,,0,4,4,3,3,0,2,1,18
43,2003-01-24,39-341,WAS,CHI,L (-7),1,39:33,4,14,.286,0,0,,3,4,.750,2,3,5,3,1,1,1,2,11
44,2003-01-25,39-342,WAS,MIN,L (-8),1,40:35,8,18,.444,0,1,.000,1,2,.500,0,8,8,5,2,1,4,0,17
45,2003-01-27,39-344,WAS,PHO,W (+5),1,37:58,9,14,.643,0,0,,1,2,.500,0,7,7,1,2,0,5,1,19
46,2003-01-29,39-346,WAS,NJN,L (-8),1,37:12,4,16,.250,0,0,,0,0,,0,5,5,5,0,0,3,2,8
47,2003-01-30,39-347,WAS,MIL,L (-7),1,39:04,11,24,.458,0,1,.000,2,3,.667,2,2,4,4,1,0,2,1,24
48,2003-02-01,39-349,WAS,NOH,W (+5),1,43:53,18,33,.545,0,0,,9,10,.900,1,2,3,6,1,1,2,5,45
49,2003-02-04,39-352,WAS,CLE,W (+9),1,42:35,13,26,.500,0,0,,1,1,1.000,0,4,4,8,4,1,2,3,27
50,2003-02-11,39-359,WAS,SAC,L (-19),1,30:30,5,19,.263,0,0,,2,2,1.000,2,5,7,2,0,0,1,0,12
51,2003-02-12,39-360,WAS,LAC,W (+4),1,39:30,8,24,.333,0,0,,7,9,.778,2,4,6,12,2,1,2,6,23
52,2003-02-14,39-362,WAS,UTA,L (-32),1,29:12,3,12,.250,0,0,,5,5,1.000,1,1,2,3,0,0,2,0,11
53,2003-02-19,40-002,WAS,NOH,L (-12),1,39:17,8,23,.348,0,0,,4,6,.667,3,3,6,2,0,2,3,0,20
54,2003-02-21,40-004,WAS,NJN,W (+3),1,43:01,18,30,.600,0,0,,7,8,.875,0,10,10,3,4,1,1,2,43
55,2003-02-23,40-006,WAS,DAL,L (-5),1,51:33,14,26,.538,0,0,,2,2,1.000,2,7,9,3,2,1,6,3,30
56,2003-02-25,40-008,WAS,IND,W (+5),1,40:48,11,25,.440,0,0,,3,4,.750,0,6,6,3,1,0,1,2,25
57,2003-02-27,40-010,WAS,HOU,W (+2),1,49:56,15,26,.577,0,0,,5,7,.714,0,11,11,6,0,0,3,3,35
58,2003-03-01,40-012,WAS,CHI,W (+8),1,42:46,7,18,.389,0,2,.000,3,4,.750,0,8,8,8,0,0,2,2,17
59,2003-03-02,40-013,WAS,MIA,L (-10),1,38:45,9,27,.333,0,1,.000,3,3,1.000,1,7,8,2,1,3,0,2,21
60,2003-03-04,40-015,WAS,TOR,L (-3),1,14:48,2,5,.400,0,0,,0,0,,1,2,3,2,0,0,3,1,4
61,2003-03-05,40-016,WAS,LAC,W (+19),1,24:23,4,14,.286,0,0,,2,2,1.000,3,6,9,0,0,0,1,2,10
62,2003-03-07,40-018,WAS,MIL,L (-3),1,42:58,11,24,.458,0,1,.000,5,6,.833,0,9,9,3,2,0,1,2,27
63,2003-03-09,40-020,WAS,NYK,L (-1),1,42:58,13,22,.591,0,0,,13,15,.867,1,7,8,1,1,0,3,3,39
64,2003-03-11,40-022,WAS,ORL,W (+1),1,39:40,10,18,.556,0,0,,3,3,1.000,0,4,4,2,2,0,9,4,23
65,2003-03-14,40-025,WAS,DET,L (-10),1,39:48,6,18,.333,0,0,,3,4,.750,1,4,5,4,2,1,0,2,15
66,2003-03-15,40-026,WAS,MIA,W (+7),1,39:29,9,18,.500,0,1,.000,1,1,1.000,2,6,8,1,2,2,3,3,19
67,2003-03-18,40-029,WAS,DET,L (-4),1,50:08,10,25,.400,0,1,.000,3,4,.750,1,10,11,3,0,0,2,2,23
68,2003-03-21,40-032,WAS,PHO,L (-26),1,35:38,4,12,.333,0,1,.000,6,6,1.000,2,3,5,2,1,1,2,0,14
69,2003-03-23,40-034,WAS,GSW,L (-6),1,41:59,11,23,.478,1,1,1.000,1,1,1.000,0,5,5,4,2,0,3,2,24
70,2003-03-25,40-036,WAS,POR,W (+4),1,41:10,11,19,.579,0,0,,3,4,.750,0,5,5,7,2,0,1,4,25
71,2003-03-26,40-037,WAS,SEA,W (+6),1,43:49,12,22,.545,0,0,,2,3,.667,1,9,10,4,2,1,4,3,26
72,2003-03-28,40-039,WAS,LAL,L (-14),1,40:37,10,20,.500,0,0,,3,4,.750,0,0,0,4,1,0,1,1,23
73,2003-03-30,40-041,WAS,DEN,L (-16),1,37:34,9,23,.391,0,1,.000,1,2,.500,1,4,5,2,1,0,5,1,19
74,2003-04-02,40-044,WAS,SAC,L (-6),1,42:00,8,17,.471,0,0,,1,2,.500,0,1,1,4,0,0,1,2,17
75,2003-04-03,40-045,WAS,ATL,L (-2),1,42:38,10,23,.435,0,1,.000,2,2,1.000,1,13,14,7,2,0,0,2,22
76,2003-04-06,40-048,WAS,BOS,W (+1),1,46:52,10,22,.455,1,1,1.000,4,4,1.000,2,11,13,7,2,0,2,3,25
77,2003-04-08,40-050,WAS,CLE,W (+9),1,45:38,10,19,.526,1,1,1.000,5,5,1.000,3,7,10,3,3,1,1,0,26
78,2003-04-09,40-051,WAS,BOS,L (-4),1,42:35,8,17,.471,1,2,.500,4,4,1.000,0,10,10,1,2,0,1,2,21
79,2003-04-11,40-053,WAS,MIA,W (+4),1,39:43,11,26,.423,0,1,.000,3,3,1.000,1,1,2,4,2,0,1,2,25
80,2003-04-12,40-054,WAS,ATL,L (-1),1,29:51,8,16,.500,0,0,,1,2,.500,2,6,8,6,1,1,2,3,17
81,2003-04-14,40-056,WAS,NYK,L (-14),1,37:33,9,22,.409,0,3,.000,3,3,1.000,1,7,8,1,1,0,2,1,21
82,2003-04-16,40-058,WAS,PHI,L (-20),1,28:10,6,15,.400,0,0,,3,4,.750,0,4,4,4,0,0,2,0,15
